{
  "annotations": {
    "list": [
      {
        "builtIn": 1,
        "datasource": {
          "type": "grafana",
          "uid": "-- Grafana --"
        },
        "enable": true,
        "hide": true,
        "iconColor": "rgba(0, 211, 255, 1)",
        "name": "Annotations & Alerts",
        "type": "dashboard"
      }
    ]
  },
  "editable": true,
  "fiscalYearStartMonth": 0,
  "graphTooltip": 0,
  "id": 31,
  "links": [],
  "liveNow": false,
  "panels": [
    {
      "datasource": "${DS_PROMPT}",
      "description": "Non available RAM memory",
      "fieldConfig": {
        "defaults": {
          "color": {
            "mode": "thresholds"
          },
          "decimals": 1,
          "mappings": [],
          "max": 100,
          "min": 0,
          "thresholds": {
            "mode": "absolute",
            "steps": [
              {
                "color": "rgba(50, 172, 45, 0.97)",
                "value": null
              },
              {
                "color": "rgba(237, 129, 40, 0.89)",
                "value": 80
              },
              {
                "color": "rgba(245, 54, 54, 0.9)",
                "value": 90
              }
            ]
          },
          "unit": "percent"
        },
        "overrides": [
          {
            "matcher": {
              "id": "byName",
              "options": "{instance=\"Master_Server\", job=\"node_zone\"}"
            },
            "properties": [
              {
                "id": "displayName",
                "value": "MASTER NODE"
              }
            ]
          },
          {
            "matcher": {
              "id": "byName",
              "options": "{instance=\"Worker_1\", job=\"node_zone\"}"
            },
            "properties": [
              {
                "id": "displayName",
                "value": "WORKER 1 NODE"
              }
            ]
          },
          {
            "matcher": {
              "id": "byName",
              "options": "{instance=\"Worker_2\", job=\"node_zone\"}"
            },
            "properties": [
              {
                "id": "displayName",
                "value": "WORKER 2 NODE"
              }
            ]
          }
        ]
      },
      "gridPos": {
        "h": 6,
        "w": 10,
        "x": 0,
        "y": 0
      },
      "hideTimeOverride": false,
      "id": 44,
      "options": {
        "minVizHeight": 75,
        "minVizWidth": 75,
        "orientation": "auto",
        "reduceOptions": {
          "calcs": [
            "lastNotNull"
          ],
          "fields": "",
          "values": false
        },
        "showThresholdLabels": false,
        "showThresholdMarkers": true,
        "sizing": "auto"
      },
      "pluginVersion": "10.2.3",
      "targets": [
        {
          "datasource": {
            "type": "prometheus",
            "uid": "${datasource}"
          },
          "editorMode": "code",
          "exemplar": false,
          "expr": "((node_memory_MemTotal_bytes{job=\"node_zone\"} - node_memory_MemFree_bytes{job=\"node_zone\"}) / node_memory_MemTotal_bytes{job=\"node_zone\"}) * 100",
          "format": "time_series",
          "hide": true,
          "instant": true,
          "intervalFactor": 1,
          "range": false,
          "refId": "A",
          "step": 240
        },
        {
          "datasource": {
            "type": "prometheus",
            "uid": "${datasource}"
          },
          "editorMode": "code",
          "exemplar": false,
          "expr": "(1 - (node_memory_MemAvailable_bytes{job=\"node_zone\"} / node_memory_MemTotal_bytes{job=\"node_zone\"})) * 100",
          "format": "time_series",
          "hide": false,
          "instant": true,
          "intervalFactor": 1,
          "range": false,
          "refId": "B",
          "step": 240
        }
      ],
      "title": "Linux RAM Used",
      "type": "gauge"
    },
    {
      "datasource": "${DS_PROMPT}",
      "description": "",
      "fieldConfig": {
        "defaults": {
          "color": {
            "mode": "thresholds"
          },
          "mappings": [],
          "max": 100,
          "min": 0,
          "thresholds": {
            "mode": "absolute",
            "steps": [
              {
                "color": "green",
                "value": null
              },
              {
                "color": "#EAB839",
                "value": 80
              },
              {
                "color": "red",
                "value": 90
              }
            ]
          },
          "unit": "percent"
        },
        "overrides": []
      },
      "gridPos": {
        "h": 12,
        "w": 14,
        "x": 10,
        "y": 0
      },
      "id": 46,
      "options": {
        "displayMode": "lcd",
        "maxVizHeight": 300,
        "minVizHeight": 10,
        "minVizWidth": 0,
        "namePlacement": "auto",
        "orientation": "horizontal",
        "reduceOptions": {
          "calcs": [
            "last"
          ],
          "fields": "",
          "values": false
        },
        "showUnfilled": true,
        "sizing": "auto",
        "valueMode": "color"
      },
      "pluginVersion": "10.2.3",
      "targets": [
        {
          "datasource": "${DS_PROMPT}",
          "editorMode": "code",
          "expr": "100 - ((node_filesystem_avail_bytes{job=\"node_zone\",device!~'rootfs',mountpoint=~\"/var/zonev2|/var|/var/lib/kubelet|/|/home|\"} * 100) / node_filesystem_size_bytes{job=\"node_zone\",device!~'rootfs'})",
          "instant": false,
          "interval": "",
          "legendFormat": "{{mountpoint}} | {{instance}} ",
          "refId": "A"
        }
      ],
      "title": "Linux Storage Used",
      "type": "bargauge"
    },
    {
      "datasource": "${DS_PROMPT}",
      "description": "System uptime",
      "fieldConfig": {
        "defaults": {
          "color": {
            "mode": "thresholds"
          },
          "decimals": 1,
          "mappings": [
            {
              "options": {
                "match": "null",
                "result": {
                  "text": "N/A"
                }
              },
              "type": "special"
            }
          ],
          "thresholds": {
            "mode": "absolute",
            "steps": [
              {
                "color": "green",
                "value": null
              },
              {
                "color": "red",
                "value": 80
              }
            ]
          },
          "unit": "s"
        },
        "overrides": [
          {
            "matcher": {
              "id": "byName",
              "options": "{instance=\"Master_Server\", job=\"node_zone\"}"
            },
            "properties": [
              {
                "id": "displayName",
                "value": "MASTER NODE"
              }
            ]
          },
          {
            "matcher": {
              "id": "byName",
              "options": "{instance=\"Worker_1\", job=\"node_zone\"}"
            },
            "properties": [
              {
                "id": "displayName",
                "value": "WORKER 1 NODE"
              }
            ]
          },
          {
            "matcher": {
              "id": "byName",
              "options": "{instance=\"Worker_2\", job=\"node_zone\"}"
            },
            "properties": [
              {
                "id": "displayName",
                "value": "WORKER 2 NODE"
              }
            ]
          }
        ]
      },
      "gridPos": {
        "h": 6,
        "w": 6,
        "x": 0,
        "y": 6
      },
      "hideTimeOverride": true,
      "id": 12,
      "maxDataPoints": 100,
      "options": {
        "colorMode": "none",
        "graphMode": "none",
        "justifyMode": "auto",
        "orientation": "horizontal",
        "percentChangeColorMode": "standard",
        "reduceOptions": {
          "calcs": [
            "lastNotNull"
          ],
          "fields": "",
          "values": false
        },
        "showPercentChange": false,
        "textMode": "auto",
        "wideLayout": true
      },
      "pluginVersion": "10.2.3",
      "targets": [
        {
          "datasource": {
            "type": "prometheus",
            "uid": "${datasource}"
          },
          "editorMode": "code",
          "exemplar": false,
          "expr": "node_time_seconds{job=\"node_zone\"} - node_boot_time_seconds{job=\"node_zone\"}",
          "instant": true,
          "intervalFactor": 1,
          "range": false,
          "refId": "A",
          "step": 240
        }
      ],
      "title": "Linux Uptime",
      "type": "stat"
    },
    {
      "datasource": "${DS_PROMPT}",
      "fieldConfig": {
        "defaults": {
          "color": {
            "mode": "thresholds"
          },
          "mappings": [
            {
              "options": {
                "0": {
                  "color": "red",
                  "index": 1,
                  "text": "DOWN"
                },
                "1": {
                  "color": "green",
                  "index": 0,
                  "text": "UP"
                }
              },
              "type": "value"
            }
          ],
          "thresholds": {
            "mode": "absolute",
            "steps": [
              {
                "color": "green",
                "value": null
              },
              {
                "color": "red",
                "value": 80
              }
            ]
          }
        },
        "overrides": []
      },
      "gridPos": {
        "h": 6,
        "w": 4,
        "x": 6,
        "y": 6
      },
      "id": 1,
      "options": {
        "colorMode": "value",
        "graphMode": "area",
        "justifyMode": "auto",
        "orientation": "auto",
        "percentChangeColorMode": "standard",
        "reduceOptions": {
          "calcs": [
            "lastNotNull"
          ],
          "fields": "",
          "values": false
        },
        "showPercentChange": false,
        "textMode": "auto",
        "wideLayout": true
      },
      "pluginVersion": "10.2.3",
      "targets": [
        {
          "datasource": "${DS_PROMPT}",
          "disableTextWrap": false,
          "editorMode": "code",
          "expr": "{__name__=\"up\", instance=\"sql_exporter:9399\", job=\"mssql_zone\"}",
          "fullMetaSearch": false,
          "includeNullMetadata": true,
          "instant": false,
          "legendFormat": "__auto",
          "range": true,
          "refId": "A",
          "useBackend": false
        }
      ],
      "title": "SQL SERVER STATUS - DB",
      "type": "stat"
    },
    {
      "datasource": "${DS_PROMPT}",
      "description": "Busy state of all CPU cores together",
      "fieldConfig": {
        "defaults": {
          "color": {
            "mode": "thresholds"
          },
          "decimals": 1,
          "mappings": [
            {
              "options": {
                "match": "null",
                "result": {
                  "text": "N/A"
                }
              },
              "type": "special"
            }
          ],
          "max": 100,
          "min": 0,
          "thresholds": {
            "mode": "absolute",
            "steps": [
              {
                "color": "rgba(50, 172, 45, 0.97)",
                "value": null
              },
              {
                "color": "rgba(237, 129, 40, 0.89)",
                "value": 85
              },
              {
                "color": "rgba(245, 54, 54, 0.9)",
                "value": 95
              }
            ]
          },
          "unit": "percent"
        },
        "overrides": [
          {
            "matcher": {
              "id": "byName",
              "options": "100 * (1 - avg(rate(node_cpu_seconds_total{mode=\"idle\", job=\"node_zone\", instance=\"Master_Server\"}[1m0s])))"
            },
            "properties": [
              {
                "id": "displayName",
                "value": "MASTER NODE"
              }
            ]
          },
          {
            "matcher": {
              "id": "byName",
              "options": "100 * (1 - avg(rate(node_cpu_seconds_total{mode=\"idle\", job=\"node_zone\", instance=\"Worker_1\"}[1m0s])))"
            },
            "properties": [
              {
                "id": "displayName",
                "value": "WORKER 1 NODE"
              }
            ]
          },
          {
            "matcher": {
              "id": "byName",
              "options": "100 * (1 - avg(rate(node_cpu_seconds_total{mode=\"idle\", job=\"node_zone\", instance=\"Worker_2\"}[1m0s])))"
            },
            "properties": [
              {
                "id": "displayName",
                "value": "WORKER 2 NODE"
              }
            ]
          }
        ]
      },
      "gridPos": {
        "h": 7,
        "w": 9,
        "x": 0,
        "y": 12
      },
      "id": 4,
      "options": {
        "minVizHeight": 75,
        "minVizWidth": 75,
        "orientation": "auto",
        "reduceOptions": {
          "calcs": [
            "lastNotNull"
          ],
          "fields": "",
          "values": false
        },
        "showThresholdLabels": false,
        "showThresholdMarkers": true,
        "sizing": "auto"
      },
      "pluginVersion": "10.2.3",
      "targets": [
        {
          "datasource": {
            "type": "prometheus",
            "uid": "${datasource}"
          },
          "editorMode": "code",
          "exemplar": false,
          "expr": "100 * (1 - avg(rate(node_cpu_seconds_total{mode=\"idle\", job=\"node_zone\", instance=\"Master_Server\"}[1m0s])))",
          "hide": false,
          "instant": true,
          "intervalFactor": 1,
          "legendFormat": "",
          "range": false,
          "refId": "A",
          "step": 240
        },
        {
          "datasource": "${DS_PROMPT}",
          "editorMode": "code",
          "expr": "100 * (1 - avg(rate(node_cpu_seconds_total{mode=\"idle\", job=\"node_zone\", instance=\"Worker_1\"}[1m0s])))",
          "hide": false,
          "instant": false,
          "legendFormat": "__auto",
          "range": true,
          "refId": "B"
        },
        {
          "datasource": "${DS_PROMPT}",
          "editorMode": "code",
          "expr": "100 * (1 - avg(rate(node_cpu_seconds_total{mode=\"idle\", job=\"node_zone\", instance=\"Worker_2\"}[1m0s])))",
          "hide": false,
          "instant": false,
          "legendFormat": "__auto",
          "range": true,
          "refId": "C"
        }
      ],
      "title": "Linux CPU Busy",
      "type": "gauge"
    },
    {
      "datasource": "${DS_PROMPT}",
      "description": "",
      "fieldConfig": {
        "defaults": {
          "color": {
            "mode": "palette-classic"
          },
          "custom": {
            "axisBorderShow": false,
            "axisCenteredZero": false,
            "axisColorMode": "text",
            "axisLabel": "IO read (-) / write (+)",
            "axisPlacement": "auto",
            "barAlignment": 0,
            "drawStyle": "line",
            "fillOpacity": 20,
            "gradientMode": "none",
            "hideFrom": {
              "legend": false,
              "tooltip": false,
              "viz": false
            },
            "insertNulls": false,
            "lineInterpolation": "linear",
            "lineWidth": 1,
            "pointSize": 5,
            "scaleDistribution": {
              "type": "linear"
            },
            "showPoints": "never",
            "spanNulls": false,
            "stacking": {
              "group": "A",
              "mode": "none"
            },
            "thresholdsStyle": {
              "mode": "off"
            }
          },
          "links": [],
          "mappings": [],
          "thresholds": {
            "mode": "absolute",
            "steps": [
              {
                "color": "green",
                "value": null
              },
              {
                "color": "red",
                "value": 80
              }
            ]
          },
          "unit": "iops"
        },
        "overrides": [
          {
            "matcher": {
              "id": "byRegexp",
              "options": "/.*Read.*/"
            },
            "properties": [
              {
                "id": "custom.transform",
                "value": "negative-Y"
              }
            ]
          },
          {
            "matcher": {
              "id": "byRegexp",
              "options": "/.*sda_.*/"
            },
            "properties": [
              {
                "id": "color",
                "value": {
                  "fixedColor": "#7EB26D",
                  "mode": "fixed"
                }
              }
            ]
          },
          {
            "matcher": {
              "id": "byRegexp",
              "options": "/.*sdb_.*/"
            },
            "properties": [
              {
                "id": "color",
                "value": {
                  "fixedColor": "#EAB839",
                  "mode": "fixed"
                }
              }
            ]
          },
          {
            "matcher": {
              "id": "byRegexp",
              "options": "/.*sdc_.*/"
            },
            "properties": [
              {
                "id": "color",
                "value": {
                  "fixedColor": "#6ED0E0",
                  "mode": "fixed"
                }
              }
            ]
          },
          {
            "matcher": {
              "id": "byRegexp",
              "options": "/.*sdd_.*/"
            },
            "properties": [
              {
                "id": "color",
                "value": {
                  "fixedColor": "#EF843C",
                  "mode": "fixed"
                }
              }
            ]
          },
          {
            "matcher": {
              "id": "byRegexp",
              "options": "/.*sde_.*/"
            },
            "properties": [
              {
                "id": "color",
                "value": {
                  "fixedColor": "#E24D42",
                  "mode": "fixed"
                }
              }
            ]
          },
          {
            "matcher": {
              "id": "byRegexp",
              "options": "/.*sda1.*/"
            },
            "properties": [
              {
                "id": "color",
                "value": {
                  "fixedColor": "#584477",
                  "mode": "fixed"
                }
              }
            ]
          },
          {
            "matcher": {
              "id": "byRegexp",
              "options": "/.*sda2_.*/"
            },
            "properties": [
              {
                "id": "color",
                "value": {
                  "fixedColor": "#BA43A9",
                  "mode": "fixed"
                }
              }
            ]
          },
          {
            "matcher": {
              "id": "byRegexp",
              "options": "/.*sda3_.*/"
            },
            "properties": [
              {
                "id": "color",
                "value": {
                  "fixedColor": "#F4D598",
                  "mode": "fixed"
                }
              }
            ]
          },
          {
            "matcher": {
              "id": "byRegexp",
              "options": "/.*sdb1.*/"
            },
            "properties": [
              {
                "id": "color",
                "value": {
                  "fixedColor": "#0A50A1",
                  "mode": "fixed"
                }
              }
            ]
          },
          {
            "matcher": {
              "id": "byRegexp",
              "options": "/.*sdb2.*/"
            },
            "properties": [
              {
                "id": "color",
                "value": {
                  "fixedColor": "#BF1B00",
                  "mode": "fixed"
                }
              }
            ]
          },
          {
            "matcher": {
              "id": "byRegexp",
              "options": "/.*sdb2.*/"
            },
            "properties": [
              {
                "id": "color",
                "value": {
                  "fixedColor": "#BF1B00",
                  "mode": "fixed"
                }
              }
            ]
          },
          {
            "matcher": {
              "id": "byRegexp",
              "options": "/.*sdb3.*/"
            },
            "properties": [
              {
                "id": "color",
                "value": {
                  "fixedColor": "#E0752D",
                  "mode": "fixed"
                }
              }
            ]
          },
          {
            "matcher": {
              "id": "byRegexp",
              "options": "/.*sdc1.*/"
            },
            "properties": [
              {
                "id": "color",
                "value": {
                  "fixedColor": "#962D82",
                  "mode": "fixed"
                }
              }
            ]
          },
          {
            "matcher": {
              "id": "byRegexp",
              "options": "/.*sdc2.*/"
            },
            "properties": [
              {
                "id": "color",
                "value": {
                  "fixedColor": "#614D93",
                  "mode": "fixed"
                }
              }
            ]
          },
          {
            "matcher": {
              "id": "byRegexp",
              "options": "/.*sdc3.*/"
            },
            "properties": [
              {
                "id": "color",
                "value": {
                  "fixedColor": "#9AC48A",
                  "mode": "fixed"
                }
              }
            ]
          },
          {
            "matcher": {
              "id": "byRegexp",
              "options": "/.*sdd1.*/"
            },
            "properties": [
              {
                "id": "color",
                "value": {
                  "fixedColor": "#65C5DB",
                  "mode": "fixed"
                }
              }
            ]
          },
          {
            "matcher": {
              "id": "byRegexp",
              "options": "/.*sdd2.*/"
            },
            "properties": [
              {
                "id": "color",
                "value": {
                  "fixedColor": "#F9934E",
                  "mode": "fixed"
                }
              }
            ]
          },
          {
            "matcher": {
              "id": "byRegexp",
              "options": "/.*sdd3.*/"
            },
            "properties": [
              {
                "id": "color",
                "value": {
                  "fixedColor": "#EA6460",
                  "mode": "fixed"
                }
              }
            ]
          },
          {
            "matcher": {
              "id": "byRegexp",
              "options": "/.*sde1.*/"
            },
            "properties": [
              {
                "id": "color",
                "value": {
                  "fixedColor": "#E0F9D7",
                  "mode": "fixed"
                }
              }
            ]
          },
          {
            "matcher": {
              "id": "byRegexp",
              "options": "/.*sdd2.*/"
            },
            "properties": [
              {
                "id": "color",
                "value": {
                  "fixedColor": "#FCEACA",
                  "mode": "fixed"
                }
              }
            ]
          },
          {
            "matcher": {
              "id": "byRegexp",
              "options": "/.*sde3.*/"
            },
            "properties": [
              {
                "id": "color",
                "value": {
                  "fixedColor": "#F9E2D2",
                  "mode": "fixed"
                }
              }
            ]
          }
        ]
      },
      "gridPos": {
        "h": 7,
        "w": 15,
        "x": 9,
        "y": 12
      },
      "id": 30,
      "options": {
        "legend": {
          "calcs": [
            "mean",
            "lastNotNull",
            "max",
            "min"
          ],
          "displayMode": "table",
          "placement": "bottom",
          "showLegend": true
        },
        "tooltip": {
          "mode": "single",
          "sort": "none"
        }
      },
      "pluginVersion": "9.2.0",
      "targets": [
        {
          "datasource": {
            "type": "prometheus",
            "uid": "${datasource}"
          },
          "editorMode": "code",
          "expr": "irate(node_disk_reads_completed_total{job=\"node_zone\",device=~\"[a-z]+|nvme[0-9]+n[0-9]+|mmcblk[0-9]+\"}[8m15s])",
          "intervalFactor": 4,
          "legendFormat": "{{device}} | {{instance}} - Reads completed",
          "range": true,
          "refId": "A",
          "step": 240
        },
        {
          "datasource": {
            "type": "prometheus",
            "uid": "${datasource}"
          },
          "editorMode": "code",
          "expr": "irate(node_disk_writes_completed_total{job=\"node_zone\",device=~\"[a-z]+|nvme[0-9]+n[0-9]+|mmcblk[0-9]+\"}[2m15s])",
          "intervalFactor": 1,
          "legendFormat": "{{device}} | {{instance}} - Writes completed",
          "range": true,
          "refId": "B",
          "step": 240
        }
      ],
      "title": "Linux Disk IOps",
      "type": "timeseries"
    },
    {
      "datasource": "${DS_PROMPT}",
      "description": "",
      "fieldConfig": {
        "defaults": {
          "color": {
            "mode": "thresholds"
          },
          "mappings": [],
          "thresholds": {
            "mode": "absolute",
            "steps": [
              {
                "color": "green",
                "value": null
              },
              {
                "color": "red",
                "value": 80
              }
            ]
          }
        },
        "overrides": []
      },
      "gridPos": {
        "h": 4,
        "w": 3,
        "x": 0,
        "y": 19
      },
      "id": 18,
      "options": {
        "colorMode": "value",
        "graphMode": "area",
        "justifyMode": "auto",
        "orientation": "auto",
        "percentChangeColorMode": "standard",
        "reduceOptions": {
          "calcs": [
            "lastNotNull"
          ],
          "fields": "",
          "values": false
        },
        "showPercentChange": false,
        "textMode": "auto",
        "wideLayout": true
      },
      "pluginVersion": "10.2.3",
      "targets": [
        {
          "datasource": "${DS_PROMPT}",
          "editorMode": "code",
          "expr": "count(probe_success{job=~\"blackbox_zone\", instance=~\".*\"})",
          "range": true,
          "refId": "A"
        }
      ],
      "title": "ICMP Total",
      "type": "stat"
    },
    {
      "datasource": "${DS_PROMPT}",
      "description": "",
      "fieldConfig": {
        "defaults": {
          "color": {
            "fixedColor": "red",
            "mode": "fixed"
          },
          "mappings": [
            {
              "options": {
                "match": "null",
                "result": {
                  "index": 0,
                  "text": "0"
                }
              },
              "type": "special"
            }
          ],
          "thresholds": {
            "mode": "absolute",
            "steps": [
              {
                "color": "green",
                "value": null
              }
            ]
          }
        },
        "overrides": [
          {
            "matcher": {
              "id": "byName",
              "options": "Value"
            },
            "properties": [
              {
                "id": "noValue",
                "value": "0"
              }
            ]
          }
        ]
      },
      "gridPos": {
        "h": 4,
        "w": 3,
        "x": 3,
        "y": 19
      },
      "id": 20,
      "options": {
        "colorMode": "value",
        "graphMode": "area",
        "justifyMode": "auto",
        "orientation": "auto",
        "percentChangeColorMode": "standard",
        "reduceOptions": {
          "calcs": [
            "lastNotNull"
          ],
          "fields": "",
          "values": false
        },
        "showPercentChange": false,
        "text": {},
        "textMode": "auto",
        "wideLayout": true
      },
      "pluginVersion": "10.2.3",
      "targets": [
        {
          "datasource": "${DS_PROMPT}",
          "editorMode": "code",
          "exemplar": false,
          "expr": "count(probe_success{job=~\"blackbox_zone\", instance=~\".*\"} == 0)",
          "hide": false,
          "instant": true,
          "range": false,
          "refId": "A"
        }
      ],
      "title": "ICMP Fail",
      "type": "stat"
    },
    {
      "datasource": "${DS_PROMPT}",
      "description": "",
      "fieldConfig": {
        "defaults": {
          "color": {
            "mode": "thresholds"
          },
          "custom": {
            "align": "auto",
            "cellOptions": {
              "type": "auto"
            },
            "inspect": false
          },
          "mappings": [],
          "thresholds": {
            "mode": "absolute",
            "steps": [
              {
                "color": "green",
                "value": null
              },
              {
                "color": "red",
                "value": 80
              }
            ]
          }
        },
        "overrides": [
          {
            "matcher": {
              "id": "byName",
              "options": "Instance"
            },
            "properties": [
              {
                "id": "links",
                "value": [
                  {
                    "targetBlank": true,
                    "title": "${__data.fields.Instance}",
                    "url": "${__data.fields.Instance}"
                  }
                ]
              },
              {
                "id": "custom.width",
                "value": 580
              },
              {
                "id": "custom.filterable",
                "value": true
              }
            ]
          },
          {
            "matcher": {
              "id": "byName",
              "options": "Status"
            },
            "properties": [
              {
                "id": "mappings",
                "value": [
                  {
                    "options": {
                      "0": {
                        "index": 1,
                        "text": "DOWN"
                      },
                      "1": {
                        "index": 0,
                        "text": "UP"
                      }
                    },
                    "type": "value"
                  }
                ]
              },
              {
                "id": "thresholds",
                "value": {
                  "mode": "absolute",
                  "steps": [
                    {
                      "color": "semi-dark-red",
                      "value": null
                    },
                    {
                      "color": "semi-dark-green",
                      "value": 1
                    }
                  ]
                }
              },
              {
                "id": "custom.cellOptions",
                "value": {
                  "mode": "gradient",
                  "type": "color-background"
                }
              },
              {
                "id": "custom.width",
                "value": 70
              },
              {
                "id": "custom.filterable",
                "value": true
              }
            ]
          },
          {
            "matcher": {
              "id": "byName",
              "options": "SSL"
            },
            "properties": [
              {
                "id": "mappings",
                "value": [
                  {
                    "options": {
                      "0": {
                        "index": 1,
                        "text": "NO"
                      },
                      "1": {
                        "index": 0,
                        "text": "OK"
                      }
                    },
                    "type": "value"
                  }
                ]
              },
              {
                "id": "thresholds",
                "value": {
                  "mode": "absolute",
                  "steps": [
                    {
                      "color": "semi-dark-red",
                      "value": null
                    },
                    {
                      "color": "semi-dark-green",
                      "value": 1
                    }
                  ]
                }
              },
              {
                "id": "custom.cellOptions",
                "value": {
                  "mode": "gradient",
                  "type": "color-background"
                }
              },
              {
                "id": "custom.width",
                "value": 70
              }
            ]
          },
          {
            "matcher": {
              "id": "byName",
              "options": "SSL Cert Expiry (days)"
            },
            "properties": [
              {
                "id": "decimals",
                "value": 0
              },
              {
                "id": "thresholds",
                "value": {
                  "mode": "absolute",
                  "steps": [
                    {
                      "color": "semi-dark-red",
                      "value": null
                    },
                    {
                      "color": "orange",
                      "value": 1
                    },
                    {
                      "color": "#EAB839",
                      "value": 7
                    },
                    {
                      "color": "green",
                      "value": 24
                    }
                  ]
                }
              },
              {
                "id": "custom.cellOptions",
                "value": {
                  "mode": "basic",
                  "type": "gauge"
                }
              },
              {
                "id": "min",
                "value": 0
              },
              {
                "id": "max",
                "value": 365
              }
            ]
          },
          {
            "matcher": {
              "id": "byName",
              "options": "Code"
            },
            "properties": [
              {
                "id": "custom.width",
                "value": 70
              },
              {
                "id": "thresholds",
                "value": {
                  "mode": "absolute",
                  "steps": [
                    {
                      "color": "transparent",
                      "value": null
                    },
                    {
                      "color": "semi-dark-green",
                      "value": 200
                    },
                    {
                      "color": "semi-dark-yellow",
                      "value": 300
                    },
                    {
                      "color": "semi-dark-red",
                      "value": 500
                    }
                  ]
                }
              },
              {
                "id": "custom.cellOptions",
                "value": {
                  "mode": "gradient",
                  "type": "color-background"
                }
              },
              {
                "id": "custom.filterable",
                "value": true
              }
            ]
          },
          {
            "matcher": {
              "id": "byName",
              "options": "Probe Duration (s)"
            },
            "properties": [
              {
                "id": "thresholds",
                "value": {
                  "mode": "absolute",
                  "steps": [
                    {
                      "color": "semi-dark-green",
                      "value": null
                    },
                    {
                      "color": "semi-dark-yellow",
                      "value": 0.7998
                    },
                    {
                      "color": "semi-dark-red",
                      "value": 2
                    }
                  ]
                }
              },
              {
                "id": "custom.cellOptions",
                "value": {
                  "mode": "basic",
                  "type": "gauge"
                }
              },
              {
                "id": "decimals",
                "value": 3
              },
              {
                "id": "max",
                "value": 3
              }
            ]
          },
          {
            "matcher": {
              "id": "byName",
              "options": "TLS Version"
            },
            "properties": [
              {
                "id": "custom.width",
                "value": 95
              },
              {
                "id": "noValue",
                "value": "Not HTTPS"
              }
            ]
          },
          {
            "matcher": {
              "id": "byName",
              "options": "DNS Lookup Duration (s)"
            },
            "properties": [
              {
                "id": "thresholds",
                "value": {
                  "mode": "absolute",
                  "steps": [
                    {
                      "color": "semi-dark-green",
                      "value": null
                    },
                    {
                      "color": "semi-dark-yellow",
                      "value": 0.1
                    },
                    {
                      "color": "semi-dark-red",
                      "value": 0.2
                    }
                  ]
                }
              },
              {
                "id": "custom.cellOptions",
                "value": {
                  "mode": "lcd",
                  "type": "gauge"
                }
              },
              {
                "id": "max",
                "value": 0
              },
              {
                "id": "decimals",
                "value": 3
              }
            ]
          },
          {
            "matcher": {
              "id": "byName",
              "options": "Certificate Expiration Date"
            },
            "properties": [
              {
                "id": "unit",
                "value": "dateTimeAsIso"
              },
              {
                "id": "noValue",
                "value": "Not HTTPS"
              },
              {
                "id": "custom.width",
                "value": 185
              }
            ]
          },
          {
            "matcher": {
              "id": "byName",
              "options": "TLS Issuer"
            },
            "properties": [
              {
                "id": "custom.width",
                "value": 209
              }
            ]
          },
          {
            "matcher": {
              "id": "byName",
              "options": "Resolve Time (s)"
            },
            "properties": [
              {
                "id": "max",
                "value": 0.01
              },
              {
                "id": "custom.cellOptions",
                "value": {
                  "mode": "lcd",
                  "type": "gauge"
                }
              },
              {
                "id": "thresholds",
                "value": {
                  "mode": "absolute",
                  "steps": [
                    {
                      "color": "green",
                      "value": null
                    },
                    {
                      "color": "#EAB839",
                      "value": 0.005
                    },
                    {
                      "color": "red",
                      "value": 0.009
                    }
                  ]
                }
              }
            ]
          },
          {
            "matcher": {
              "id": "byName",
              "options": "Connect Time (s)"
            },
            "properties": [
              {
                "id": "max",
                "value": 0.5
              },
              {
                "id": "thresholds",
                "value": {
                  "mode": "absolute",
                  "steps": [
                    {
                      "color": "green",
                      "value": null
                    },
                    {
                      "color": "#EAB839",
                      "value": 0.2
                    },
                    {
                      "color": "red",
                      "value": 0.4
                    }
                  ]
                }
              },
              {
                "id": "custom.cellOptions",
                "value": {
                  "mode": "lcd",
                  "type": "gauge"
                }
              }
            ]
          },
          {
            "matcher": {
              "id": "byName",
              "options": "TLS Time (s)"
            },
            "properties": [
              {
                "id": "max",
                "value": 1
              },
              {
                "id": "thresholds",
                "value": {
                  "mode": "absolute",
                  "steps": [
                    {
                      "color": "green",
                      "value": null
                    },
                    {
                      "color": "#EAB839",
                      "value": 0.5
                    },
                    {
                      "color": "red",
                      "value": 0.9
                    }
                  ]
                }
              },
              {
                "id": "custom.cellOptions",
                "value": {
                  "mode": "lcd",
                  "type": "gauge"
                }
              }
            ]
          },
          {
            "matcher": {
              "id": "byName",
              "options": "Processing Time (s)"
            },
            "properties": [
              {
                "id": "max",
                "value": 0.5
              },
              {
                "id": "thresholds",
                "value": {
                  "mode": "absolute",
                  "steps": [
                    {
                      "color": "green",
                      "value": null
                    },
                    {
                      "color": "#EAB839",
                      "value": 0.25
                    },
                    {
                      "color": "red",
                      "value": 0.4
                    }
                  ]
                }
              },
              {
                "id": "custom.cellOptions",
                "value": {
                  "mode": "lcd",
                  "type": "gauge"
                }
              }
            ]
          },
          {
            "matcher": {
              "id": "byName",
              "options": "Transfer Time (s)"
            },
            "properties": [
              {
                "id": "max",
                "value": 0.5
              },
              {
                "id": "thresholds",
                "value": {
                  "mode": "absolute",
                  "steps": [
                    {
                      "color": "green",
                      "value": null
                    },
                    {
                      "color": "#EAB839",
                      "value": 0.125
                    },
                    {
                      "color": "red",
                      "value": 0.3
                    }
                  ]
                }
              },
              {
                "id": "custom.cellOptions",
                "value": {
                  "mode": "lcd",
                  "type": "gauge"
                }
              }
            ]
          }
        ]
      },
      "gridPos": {
        "h": 11,
        "w": 18,
        "x": 6,
        "y": 19
      },
      "id": 16,
      "options": {
        "cellHeight": "sm",
        "footer": {
          "countRows": false,
          "fields": "",
          "reducer": [
            "sum"
          ],
          "show": false
        },
        "showHeader": true,
        "sortBy": []
      },
      "pluginVersion": "10.2.3",
      "targets": [
        {
          "datasource": "${DS_PROMPT}",
          "editorMode": "code",
          "exemplar": false,
          "expr": "probe_success{job=~\"blackbox_zone\", instance=~\".*\"}",
          "format": "table",
          "instant": true,
          "range": false,
          "refId": "A"
        },
        {
          "datasource": "${DS_PROMPT}",
          "editorMode": "code",
          "exemplar": false,
          "expr": "probe_http_ssl{job=~\"blackbox_zone\", instance=~\".*\"} > 0",
          "format": "table",
          "hide": false,
          "instant": true,
          "range": false,
          "refId": "B"
        },
        {
          "datasource": "${DS_PROMPT}",
          "editorMode": "code",
          "exemplar": false,
          "expr": "(probe_ssl_earliest_cert_expiry{job=~\"blackbox_zone\", instance=~\".*\"} - time()) / 3600 / 24",
          "format": "table",
          "hide": false,
          "instant": true,
          "legendFormat": "__auto",
          "range": false,
          "refId": "C"
        },
        {
          "datasource": "${DS_PROMPT}",
          "editorMode": "code",
          "exemplar": false,
          "expr": "probe_http_status_code{job=~\"blackbox_zone\", instance=~\".*\"} > 0",
          "format": "table",
          "hide": false,
          "instant": true,
          "legendFormat": "__auto",
          "range": false,
          "refId": "D"
        },
        {
          "datasource": "${DS_PROMPT}",
          "editorMode": "code",
          "exemplar": false,
          "expr": "avg_over_time(probe_duration_seconds{job=~\"blackbox_zone\", instance=~\".*\"}[1m])",
          "format": "table",
          "hide": false,
          "instant": true,
          "range": false,
          "refId": "E"
        },
        {
          "datasource": "${DS_PROMPT}",
          "editorMode": "code",
          "exemplar": false,
          "expr": "probe_tls_version_info{job=~\"blackbox_zone\", instance=~\".*\"}",
          "format": "table",
          "hide": false,
          "instant": true,
          "range": false,
          "refId": "F"
        },
        {
          "datasource": "${DS_PROMPT}",
          "editorMode": "code",
          "exemplar": false,
          "expr": "avg_over_time(probe_dns_lookup_time_seconds{job=~\"blackbox_zone\", instance=~\".*\"}[1m])",
          "format": "table",
          "hide": false,
          "instant": true,
          "range": false,
          "refId": "G"
        },
        {
          "datasource": "${DS_PROMPT}",
          "editorMode": "code",
          "exemplar": false,
          "expr": "probe_ssl_earliest_cert_expiry{job=~\"blackbox_zone\", instance=~\".*\"} * 1000",
          "format": "table",
          "hide": false,
          "instant": true,
          "range": false,
          "refId": "H"
        },
        {
          "datasource": "${DS_PROMPT}",
          "editorMode": "code",
          "exemplar": false,
          "expr": "probe_ssl_last_chain_info{job=~\"blackbox_zone\", instance=~\".*\"}",
          "format": "table",
          "hide": false,
          "instant": true,
          "range": false,
          "refId": "I"
        },
        {
          "datasource": "${DS_PROMPT}",
          "editorMode": "code",
          "exemplar": false,
          "expr": "probe_http_duration_seconds{job=~\"blackbox_zone\", instance=~\".*\", phase=\"resolve\"}",
          "format": "table",
          "hide": false,
          "instant": true,
          "range": false,
          "refId": "J"
        },
        {
          "datasource": "${DS_PROMPT}",
          "editorMode": "code",
          "exemplar": false,
          "expr": "probe_http_duration_seconds{job=~\"blackbox_zone\", instance=~\".*\", phase=\"connect\"}",
          "format": "table",
          "hide": false,
          "instant": true,
          "interval": "",
          "range": false,
          "refId": "K"
        },
        {
          "datasource": "${DS_PROMPT}",
          "editorMode": "code",
          "exemplar": false,
          "expr": "probe_http_duration_seconds{job=~\"blackbox_zone\", instance=~\".*\", phase=\"tls\"}",
          "format": "table",
          "hide": false,
          "instant": true,
          "range": false,
          "refId": "L"
        },
        {
          "datasource": "${DS_PROMPT}",
          "editorMode": "code",
          "exemplar": false,
          "expr": "probe_http_duration_seconds{job=~\"blackbox_zone\", instance=~\".*\", phase=\"processing\"}",
          "format": "table",
          "hide": false,
          "instant": true,
          "range": false,
          "refId": "M"
        },
        {
          "datasource": "${DS_PROMPT}",
          "editorMode": "code",
          "exemplar": false,
          "expr": "probe_http_duration_seconds{job=~\"blackbox_zone\", instance=~\".*\", phase=\"transfer\"}",
          "format": "table",
          "hide": false,
          "instant": true,
          "range": false,
          "refId": "N"
        }
      ],
      "title": "ICMP Overview",
      "transformations": [
        {
          "id": "seriesToColumns",
          "options": {
            "byField": "instance"
          }
        },
        {
          "id": "organize",
          "options": {
            "excludeByName": {
              "Time": true,
              "Time 1": true,
              "Time 10": true,
              "Time 11": true,
              "Time 12": true,
              "Time 13": true,
              "Time 14": true,
              "Time 2": true,
              "Time 3": true,
              "Time 4": true,
              "Time 5": true,
              "Time 6": true,
              "Time 7": true,
              "Time 8": true,
              "Time 9": true,
              "Value": true,
              "Value #A": false,
              "Value #E": false,
              "Value #F": true,
              "Value #G": true,
              "Value #I": true,
              "Value #J": false,
              "__name__": true,
              "__name__ 1": true,
              "__name__ 10": true,
              "__name__ 2": true,
              "__name__ 3": true,
              "__name__ 4": true,
              "__name__ 5": true,
              "__name__ 6": true,
              "__name__ 7": true,
              "__name__ 8": true,
              "__name__ 9": true,
              "fingerprint_sha256": true,
              "instance": false,
              "job": true,
              "job 1": true,
              "job 10": true,
              "job 11": true,
              "job 12": true,
              "job 13": true,
              "job 14": true,
              "job 2": true,
              "job 3": true,
              "job 4": true,
              "job 5": true,
              "job 6": true,
              "job 7": true,
              "job 8": true,
              "job 9": true,
              "phase": true,
              "phase 1": true,
              "phase 2": true,
              "phase 3": true,
              "phase 4": true,
              "phase 5": true,
              "subject": true,
              "subjectalternative": true,
              "target_name 2": true,
              "target_name 3": true
            },
            "indexByName": {
              "Time 1": 15,
              "Time 10": 43,
              "Time 11": 47,
              "Time 12": 51,
              "Time 13": 55,
              "Time 14": 59,
              "Time 2": 19,
              "Time 3": 22,
              "Time 4": 24,
              "Time 5": 27,
              "Time 6": 29,
              "Time 7": 32,
              "Time 8": 34,
              "Time 9": 36,
              "Value #A": 1,
              "Value #B": 3,
              "Value #C": 7,
              "Value #D": 2,
              "Value #E": 8,
              "Value #F": 18,
              "Value #G": 9,
              "Value #H": 6,
              "Value #I": 42,
              "Value #J": 10,
              "Value #K": 11,
              "Value #L": 12,
              "Value #M": 13,
              "Value #N": 14,
              "__name__ 1": 16,
              "__name__ 10": 60,
              "__name__ 2": 20,
              "__name__ 3": 25,
              "__name__ 4": 30,
              "__name__ 5": 37,
              "__name__ 6": 44,
              "__name__ 7": 48,
              "__name__ 8": 52,
              "__name__ 9": 56,
              "fingerprint_sha256": 38,
              "instance": 0,
              "issuer": 5,
              "job 1": 17,
              "job 10": 45,
              "job 11": 49,
              "job 12": 53,
              "job 13": 57,
              "job 14": 61,
              "job 2": 21,
              "job 3": 23,
              "job 4": 26,
              "job 5": 28,
              "job 6": 31,
              "job 7": 33,
              "job 8": 35,
              "job 9": 39,
              "phase 1": 46,
              "phase 2": 50,
              "phase 3": 54,
              "phase 4": 58,
              "phase 5": 62,
              "subject": 40,
              "subjectalternative": 41,
              "version": 4
            },
            "renameByName": {
              "Time 5": "",
              "Time 7": "",
              "Value #A": "Status",
              "Value #B": "SSL",
              "Value #C": "SSL Cert Expiry (days)",
              "Value #D": "Code",
              "Value #E": "Probe Duration (s)",
              "Value #F": "",
              "Value #G": "DNS Lookup Duration (s)",
              "Value #H": "Certificate Expiration Date",
              "Value #J": "Resolve Time (s)",
              "Value #K": "Connect Time (s)",
              "Value #L": "TLS Time (s)",
              "Value #M": "Processing Time (s)",
              "Value #N": "Transfer Time (s)",
              "__name__ 7": "",
              "instance": "Instance",
              "issuer": "TLS Issuer",
              "job 4": "",
              "job 7": "",
              "target_name": "Target",
              "target_name 2": "",
              "version": "TLS Version"
            }
          }
        }
      ],
      "type": "table"
    },
    {
      "datasource": "${DS_PROMPT}",
      "description": "",
      "fieldConfig": {
        "defaults": {
          "color": {
            "fixedColor": "#6d663a",
            "mode": "palette-classic"
          },
          "custom": {
            "hideFrom": {
              "legend": false,
              "tooltip": false,
              "viz": false
            }
          },
          "mappings": []
        },
        "overrides": [
          {
            "matcher": {
              "id": "byName",
              "options": "不正常状态实例"
            },
            "properties": [
              {
                "id": "color",
                "value": {
                  "fixedColor": "red",
                  "mode": "fixed"
                }
              }
            ]
          },
          {
            "matcher": {
              "id": "byName",
              "options": "正常状态实例"
            },
            "properties": [
              {
                "id": "color",
                "value": {
                  "fixedColor": "green",
                  "mode": "fixed"
                }
              }
            ]
          },
          {
            "matcher": {
              "id": "byName",
              "options": "探测失败状态实例"
            },
            "properties": [
              {
                "id": "color",
                "value": {
                  "fixedColor": "red",
                  "mode": "fixed"
                }
              }
            ]
          },
          {
            "matcher": {
              "id": "byName",
              "options": "探测成功状态实例"
            },
            "properties": [
              {
                "id": "color",
                "value": {
                  "fixedColor": "green",
                  "mode": "fixed"
                }
              }
            ]
          },
          {
            "matcher": {
              "id": "byName",
              "options": "Failed status instance"
            },
            "properties": [
              {
                "id": "color",
                "value": {
                  "fixedColor": "red",
                  "mode": "fixed"
                }
              }
            ]
          }
        ]
      },
      "gridPos": {
        "h": 7,
        "w": 6,
        "x": 0,
        "y": 23
      },
      "id": 22,
      "options": {
        "displayLabels": [
          "value",
          "percent"
        ],
        "legend": {
          "displayMode": "list",
          "placement": "bottom",
          "showLegend": true
        },
        "pieType": "pie",
        "reduceOptions": {
          "calcs": [
            "lastNotNull"
          ],
          "fields": "",
          "values": false
        },
        "tooltip": {
          "mode": "single",
          "sort": "none"
        }
      },
      "pluginVersion": "8.5.0",
      "targets": [
        {
          "datasource": "${DS_PROMPT}",
          "editorMode": "code",
          "exemplar": false,
          "expr": "count(probe_success{job=~\"blackbox_zone\", instance=~\".*\"} == 1)",
          "format": "time_series",
          "instant": true,
          "interval": "",
          "legendFormat": "Success status instance",
          "range": false,
          "refId": "A"
        },
        {
          "datasource": "${DS_PROMPT}",
          "editorMode": "code",
          "exemplar": false,
          "expr": "count(probe_success{job=~\"blackbox_zone\", instance=~\".*\"} == 0)",
          "hide": false,
          "instant": true,
          "legendFormat": "Failed status instance",
          "range": false,
          "refId": "B"
        }
      ],
      "title": "Instance status percentage",
      "type": "piechart"
    },
    {
      "datasource": "${DS_PROMPT}",
      "description": "Disk space used of all filesystems mounted",
      "fieldConfig": {
        "defaults": {
          "color": {
            "mode": "palette-classic"
          },
          "custom": {
            "axisBorderShow": false,
            "axisCenteredZero": false,
            "axisColorMode": "text",
            "axisLabel": "",
            "axisPlacement": "auto",
            "barAlignment": 0,
            "drawStyle": "line",
            "fillOpacity": 40,
            "gradientMode": "none",
            "hideFrom": {
              "legend": false,
              "tooltip": false,
              "viz": false
            },
            "insertNulls": false,
            "lineInterpolation": "linear",
            "lineWidth": 1,
            "pointSize": 5,
            "scaleDistribution": {
              "type": "linear"
            },
            "showPoints": "never",
            "spanNulls": false,
            "stacking": {
              "group": "A",
              "mode": "none"
            },
            "thresholdsStyle": {
              "mode": "off"
            }
          },
          "links": [],
          "mappings": [],
          "max": 100,
          "min": 0,
          "thresholds": {
            "mode": "absolute",
            "steps": [
              {
                "color": "green",
                "value": null
              },
              {
                "color": "red",
                "value": 80
              }
            ]
          },
          "unit": "percent"
        },
        "overrides": []
      },
      "gridPos": {
        "h": 9,
        "w": 12,
        "x": 0,
        "y": 30
      },
      "id": 26,
      "options": {
        "legend": {
          "calcs": [
            "lastNotNull",
            "max",
            "min"
          ],
          "displayMode": "table",
          "placement": "bottom",
          "showLegend": true
        },
        "tooltip": {
          "mode": "multi",
          "sort": "none"
        }
      },
      "pluginVersion": "9.2.0",
      "targets": [
        {
          "datasource": {
            "type": "prometheus",
            "uid": "${datasource}"
          },
          "editorMode": "code",
          "expr": "100 - ((node_filesystem_avail_bytes{job=\"node_zone\",device!~'rootfs'} * 100) / node_filesystem_size_bytes{job=\"node_zone\",device!~'rootfs'})",
          "format": "time_series",
          "intervalFactor": 1,
          "legendFormat": "{{mountpoint}} | {{instance}}",
          "range": true,
          "refId": "A",
          "step": 240
        }
      ],
      "title": "Linux Disk Space Used Basic",
      "type": "timeseries"
    },
    {
      "datasource": "${DS_PROMPT}",
      "description": "",
      "fieldConfig": {
        "defaults": {
          "color": {
            "mode": "palette-classic"
          },
          "custom": {
            "axisBorderShow": false,
            "axisCenteredZero": false,
            "axisColorMode": "text",
            "axisLabel": "bytes read (-) / write (+)",
            "axisPlacement": "auto",
            "barAlignment": 0,
            "drawStyle": "line",
            "fillOpacity": 40,
            "gradientMode": "none",
            "hideFrom": {
              "legend": false,
              "tooltip": false,
              "viz": false
            },
            "insertNulls": false,
            "lineInterpolation": "linear",
            "lineWidth": 1,
            "pointSize": 5,
            "scaleDistribution": {
              "type": "linear"
            },
            "showPoints": "never",
            "spanNulls": false,
            "stacking": {
              "group": "A",
              "mode": "none"
            },
            "thresholdsStyle": {
              "mode": "off"
            }
          },
          "links": [],
          "mappings": [],
          "thresholds": {
            "mode": "absolute",
            "steps": [
              {
                "color": "green",
                "value": null
              },
              {
                "color": "red",
                "value": 80
              }
            ]
          },
          "unit": "Bps"
        },
        "overrides": [
          {
            "matcher": {
              "id": "byName",
              "options": "io time"
            },
            "properties": [
              {
                "id": "color",
                "value": {
                  "fixedColor": "#890F02",
                  "mode": "fixed"
                }
              }
            ]
          },
          {
            "matcher": {
              "id": "byRegexp",
              "options": "/.*read*./"
            },
            "properties": [
              {
                "id": "custom.transform",
                "value": "negative-Y"
              }
            ]
          },
          {
            "matcher": {
              "id": "byRegexp",
              "options": "/.*sda.*/"
            },
            "properties": [
              {
                "id": "color",
                "value": {
                  "fixedColor": "#7EB26D",
                  "mode": "fixed"
                }
              }
            ]
          },
          {
            "matcher": {
              "id": "byRegexp",
              "options": "/.*sdb.*/"
            },
            "properties": [
              {
                "id": "color",
                "value": {
                  "fixedColor": "#EAB839",
                  "mode": "fixed"
                }
              }
            ]
          },
          {
            "matcher": {
              "id": "byRegexp",
              "options": "/.*sdc.*/"
            },
            "properties": [
              {
                "id": "color",
                "value": {
                  "fixedColor": "#6ED0E0",
                  "mode": "fixed"
                }
              }
            ]
          },
          {
            "matcher": {
              "id": "byRegexp",
              "options": "/.*sdd.*/"
            },
            "properties": [
              {
                "id": "color",
                "value": {
                  "fixedColor": "#EF843C",
                  "mode": "fixed"
                }
              }
            ]
          },
          {
            "matcher": {
              "id": "byRegexp",
              "options": "/.*sde.*/"
            },
            "properties": [
              {
                "id": "color",
                "value": {
                  "fixedColor": "#E24D42",
                  "mode": "fixed"
                }
              }
            ]
          },
          {
            "matcher": {
              "id": "byType",
              "options": "time"
            },
            "properties": [
              {
                "id": "custom.axisPlacement",
                "value": "hidden"
              }
            ]
          }
        ]
      },
      "gridPos": {
        "h": 9,
        "w": 12,
        "x": 12,
        "y": 30
      },
      "id": 28,
      "options": {
        "legend": {
          "calcs": [
            "mean",
            "lastNotNull",
            "max",
            "min"
          ],
          "displayMode": "table",
          "placement": "bottom",
          "showLegend": true
        },
        "tooltip": {
          "mode": "multi",
          "sort": "none"
        }
      },
      "pluginVersion": "9.2.0",
      "targets": [
        {
          "datasource": {
            "type": "prometheus",
            "uid": "${datasource}"
          },
          "editorMode": "code",
          "expr": "irate(node_disk_read_bytes_total{job=\"node_zone\",device=~\"[a-z]+|nvme[0-9]+n[0-9]+|mmcblk[0-9]+\"}[2m15s])",
          "format": "time_series",
          "hide": false,
          "intervalFactor": 1,
          "legendFormat": "{{device}} | {{instance}} - Successfully read bytes",
          "range": true,
          "refId": "A",
          "step": 240
        },
        {
          "datasource": {
            "type": "prometheus",
            "uid": "${datasource}"
          },
          "editorMode": "code",
          "expr": "irate(node_disk_written_bytes_total{job=\"node_zone\",device=~\"[a-z]+|nvme[0-9]+n[0-9]+|mmcblk[0-9]+\"}[2m15s])",
          "format": "time_series",
          "hide": false,
          "intervalFactor": 1,
          "legendFormat": "{{device}} | {{instance}} - Successfully written bytes",
          "range": true,
          "refId": "B",
          "step": 240
        }
      ],
      "title": "Linux I/O Usage Read / Write",
      "type": "timeseries"
    }
  ],
  "refresh": "10s",
  "schemaVersion": 39,
  "tags": [],
  "templating": {
    "list": [
      {
        "current": {
          "selected": false,
          "text": "",
          "value": ""
        },
        "hide": 0,
        "includeAll": false,
        "label": "Datasource",
        "multi": false,
        "name": "DS_PROMPT",
        "options": [],
        "query": "prometheus",
        "queryValue": "",
        "refresh": 1,
        "regex": "",
        "skipUrlSync": false,
        "type": "datasource"
      }
    ]
  },
  "time": {
    "from": "now-15m",
    "to": "now"
  },
  "timepicker": {},
  "timezone": "",
  "title": "Infrastructure Dashboard",
  "uid": "",
  "version": 2,
  "weekStart": ""
}
