{
  "annotations": {
    "list": [
      {
        "builtIn": 1,
        "datasource": {
          "type": "grafana",
          "uid": "-- Grafana --"
        },
        "enable": true,
        "hide": true,
        "iconColor": "rgba(0, 211, 255, 1)",
        "name": "Annotations & Alerts",
        "type": "dashboard"
      }
    ]
  },
  "description": "This dashboard is strictly for OFIs",
  "editable": true,
  "fiscalYearStartMonth": 0,
  "graphTooltip": 0,
  "id": 28,
  "links": [],
  "liveNow": false,
  "panels": [
    {
      "collapsed": false,
      "gridPos": {
        "h": 1,
        "w": 24,
        "x": 0,
        "y": 0
      },
      "id": 1,
      "panels": [],
      "title": "INSTITUTION",
      "type": "row"
    },
    {
      "datasource": "${MS_PROMPT}",
      "gridPos": {
        "h": 1,
        "w": 12,
        "x": 11,
        "y": 1
      },
      "id": 170,
      "options": {
        "code": {
          "language": "plaintext",
          "showLineNumbers": false,
          "showMiniMap": false
        },
        "content": "",
        "mode": "code"
      },
      "pluginVersion": "10.2.3",
      "targets": [
        {
          "dataset": "zoneswitch",
          "datasource": "${ms_prompt}",
          "editorMode": "builder",
          "format": "table",
          "rawSql": "",
          "refId": "A"
        }
      ],
      "title": "REVERSAL MONITOR",
      "transparent": true,
      "type": "text"
    },
    {
      "datasource": {
        "type": "mssql",
        "uid": "${MS_PROMPT}"
      },
      "fieldConfig": {
        "defaults": {
          "color": {
            "mode": "thresholds"
          },
          "mappings": [],
          "noValue": "0",
          "thresholds": {
            "mode": "absolute",
            "steps": [
              {
                "color": "green",
                "value": null
              },
              {
                "color": "semi-dark-orange",
                "value": 1
              },
              {
                "color": "semi-dark-red",
                "value": 6
              }
            ]
          },
          "unit": "none"
        },
        "overrides": []
      },
      "gridPos": {
        "h": 6,
        "w": 12,
        "x": 0,
        "y": 2
      },
      "id": 168,
      "options": {
        "colorMode": "background",
        "graphMode": "area",
        "justifyMode": "auto",
        "orientation": "auto",
        "reduceOptions": {
          "calcs": [
            "lastNotNull"
          ],
          "fields": "/^Value$/",
          "values": true
        },
        "textMode": "auto",
        "wideLayout": true
      },
      "pluginVersion": "10.2.3",
      "targets": [
        {
          "dataset": "zoneswitch",
          "datasource": {
            "type": "mssql",
            "uid": "${MS_PROMPT}"
          },
          "editorMode": "code",
          "format": "table",
          "rawQuery": true,
          "rawSql": "select count(*) from ejournals where status = 'FAILED' and TransactionReference not in (select TransactionReference from TransactionStatusUpdates)\r\nand rrn in (select rrn from cardtransactions where ZsTrxRef is not null )",
          "refId": "A",
          "sql": {
            "columns": [
              {
                "parameters": [],
                "type": "function"
              }
            ],
            "groupBy": [
              {
                "property": {
                  "type": "string"
                },
                "type": "groupBy"
              }
            ],
            "limit": 50
          }
        }
      ],
      "title": "FAILED TRANSACTIONS YET TO BE REVERSED (NO RECORD ON TRANSACTION-STATUS-PROCESSOR)",
      "type": "stat"
    },
    {
      "datasource": {
        "type": "mssql",
        "uid": "${MS_PROMPT}"
      },
      "fieldConfig": {
        "defaults": {
          "color": {
            "mode": "thresholds"
          },
          "mappings": [],
          "noValue": "0",
          "thresholds": {
            "mode": "absolute",
            "steps": [
              {
                "color": "green",
                "value": null
              },
              {
                "color": "semi-dark-orange",
                "value": 1
              },
              {
                "color": "semi-dark-red",
                "value": 6
              }
            ]
          },
          "unit": "none"
        },
        "overrides": []
      },
      "gridPos": {
        "h": 6,
        "w": 12,
        "x": 12,
        "y": 2
      },
      "id": 169,
      "options": {
        "colorMode": "background",
        "graphMode": "area",
        "justifyMode": "auto",
        "orientation": "auto",
        "reduceOptions": {
          "calcs": [
            "lastNotNull"
          ],
          "fields": "/^Value$/",
          "values": true
        },
        "textMode": "auto",
        "wideLayout": true
      },
      "pluginVersion": "10.2.3",
      "targets": [
        {
          "dataset": "zoneswitch",
          "datasource": {
            "type": "mssql",
            "uid": "${MS_PROMPT}"
          },
          "editorMode": "code",
          "format": "table",
          "rawQuery": true,
          "rawSql": "select count(*) from ejournals where status = 'FAILED' and TransactionReference in \r\n(select TransactionReference from TransactionStatusUpdates where status in ('approved','pending'))\r\nand TransactionReference in (select trxref from cardtransactions where zstrxref is not null)\r\n",
          "refId": "A",
          "sql": {
            "columns": [
              {
                "parameters": [],
                "type": "function"
              }
            ],
            "groupBy": [
              {
                "property": {
                  "type": "string"
                },
                "type": "groupBy"
              }
            ],
            "limit": 50
          }
        }
      ],
      "title": "FAILED TRANSACTIONS YET TO BE REVERSED (HAS RECORD ON TRANSACTION-STATUS-PROCESSOR)",
      "type": "stat"
    },
    {
      "datasource": "${MS_PROMPT}",
      "gridPos": {
        "h": 1,
        "w": 12,
        "x": 0,
        "y": 8
      },
      "id": 159,
      "options": {
        "code": {
          "language": "plaintext",
          "showLineNumbers": false,
          "showMiniMap": false
        },
        "content": "",
        "mode": "code"
      },
      "pluginVersion": "10.2.3",
      "targets": [
        {
          "dataset": "zoneswitch",
          "datasource": "${ms_prompt}",
          "editorMode": "builder",
          "format": "table",
          "rawSql": "",
          "refId": "A"
        }
      ],
      "title": "LOCKED FUNDS PER ISSUER",
      "type": "text"
    },
    {
      "datasource": "${MS_PROMPT}",
      "gridPos": {
        "h": 1,
        "w": 12,
        "x": 12,
        "y": 8
      },
      "id": 160,
      "options": {
        "code": {
          "language": "plaintext",
          "showLineNumbers": false,
          "showMiniMap": false
        },
        "content": "",
        "mode": "code"
      },
      "pluginVersion": "10.2.3",
      "targets": [
        {
          "dataset": "zoneswitch",
          "datasource": "${ms_prompt}",
          "editorMode": "builder",
          "format": "table",
          "rawSql": "",
          "refId": "A"
        }
      ],
      "title": "APPROVED TRANSACTIONS WITHOUT ZSREVERSALTRANREF (MONITOR))",
      "type": "text"
    },
    {
      "datasource": {
        "type": "mssql",
        "uid": "${MS_PROMPT}"
      },
      "fieldConfig": {
        "defaults": {
          "color": {
            "mode": "thresholds"
          },
          "mappings": [],
          "noValue": "0",
          "thresholds": {
            "mode": "absolute",
            "steps": [
              {
                "color": "green",
                "value": null
              },
              {
                "color": "semi-dark-orange",
                "value": 1
              },
              {
                "color": "semi-dark-red",
                "value": 6
              }
            ]
          },
          "unit": "none"
        },
        "overrides": []
      },
      "gridPos": {
        "h": 6,
        "w": 12,
        "x": 0,
        "y": 9
      },
      "id": 56,
      "options": {
        "colorMode": "background",
        "graphMode": "area",
        "justifyMode": "auto",
        "orientation": "auto",
        "reduceOptions": {
          "calcs": [
            "lastNotNull"
          ],
          "fields": "/^Value$/",
          "values": true
        },
        "textMode": "auto",
        "wideLayout": true
      },
      "pluginVersion": "10.2.3",
      "targets": [
        {
          "dataset": "zoneswitch",
          "datasource": {
            "type": "mssql",
            "uid": "${MS_PROMPT}"
          },
          "editorMode": "code",
          "format": "table",
          "rawQuery": true,
          "rawSql": "select count(*),b.bankname from transactionstatusupdates (nolock) a, bank b\r\nwhere a.sendinginstitutioncode = b.bankcode\r\nand a.status ='APPROVED'\r\n -- and createdat >= $__timeFrom()\r\n  -- AND createdat <= $__timeTo()\r\n -- and a.sendinginstitutioncode = '035'\r\n and a.createdat >= CONVERT(DATE, getdate()) \r\ngroup by b.bankname",
          "refId": "A",
          "sql": {
            "columns": [
              {
                "parameters": [],
                "type": "function"
              }
            ],
            "groupBy": [
              {
                "property": {
                  "type": "string"
                },
                "type": "groupBy"
              }
            ],
            "limit": 50
          }
        }
      ],
      "title": "PENDING TRANSACTION STATUS UPDATE(COUNT)",
      "type": "stat"
    },
    {
      "datasource": {
        "type": "mssql",
        "uid": "${MS_PROMPT}"
      },
      "description": "",
      "fieldConfig": {
        "defaults": {
          "color": {
            "mode": "thresholds"
          },
          "mappings": [],
          "min": 0,
          "noValue": "0",
          "thresholds": {
            "mode": "absolute",
            "steps": [
              {
                "color": "green",
                "value": null
              },
              {
                "color": "semi-dark-orange",
                "value": 1
              },
              {
                "color": "semi-dark-red",
                "value": 6
              }
            ]
          },
          "unit": "none"
        },
        "overrides": []
      },
      "gridPos": {
        "h": 6,
        "w": 12,
        "x": 12,
        "y": 9
      },
      "id": 60,
      "options": {
        "colorMode": "background",
        "graphMode": "area",
        "justifyMode": "auto",
        "orientation": "auto",
        "reduceOptions": {
          "calcs": [
            "lastNotNull"
          ],
          "fields": "",
          "values": true
        },
        "textMode": "auto",
        "wideLayout": true
      },
      "pluginVersion": "10.2.3",
      "targets": [
        {
          "dataset": "zoneswitch",
          "datasource": {
            "type": "mssql",
            "uid": "${MS_PROMPT}"
          },
          "editorMode": "code",
          "format": "table",
          "rawQuery": true,
          "rawSql": "  \r\n\t  select count(*),b.Bankname from CardTransactions a(nolock), bank b\r\n\t-- where issuer = '214'\r\n\twhere a.issuer = b.bankcode\r\n\tand a.responsecode = '00' and a.zstrxref is null and a.transactiontype in ('00','50')\r\n\tand a.createdat >= CONVERT(DATE, getdate()) \r\n\tgroup by b.Bankname\r\n  \r\n  --SELECT\r\n-- DATEDIFF(MINUTE, min(createdat), GETDATE()) AS minutes_since_last_generated\r\n-- FROM\r\n-- cardtransactions with (nolock)\r\n-- where issuer = '214'\r\n-- and responsecode = '00' and zstrxref is null and transactiontype = '50'\r\n-- and convert(date,createdat) = getdate()",
          "refId": "A",
          "sql": {
            "columns": [
              {
                "parameters": [],
                "type": "function"
              }
            ],
            "groupBy": [
              {
                "property": {
                  "type": "string"
                },
                "type": "groupBy"
              }
            ],
            "limit": 50
          }
        }
      ],
      "title": "TRXS WITHOUT ZSTRXREF",
      "type": "stat"
    },
    {
      "datasource": "${MS_PROMPT}",
      "gridPos": {
        "h": 1,
        "w": 12,
        "x": 0,
        "y": 15
      },
      "id": 64,
      "options": {
        "code": {
          "language": "plaintext",
          "showLineNumbers": false,
          "showMiniMap": false
        },
        "content": "",
        "mode": "code"
      },
      "pluginVersion": "10.2.3",
      "targets": [
        {
          "dataset": "zoneswitch",
          "datasource": "${ms_prompt}",
          "editorMode": "builder",
          "format": "table",
          "rawSql": "",
          "refId": "A"
        }
      ],
      "title": "APPROVED TRANSACTIONS WITHOUT ZSREVERSALTRANREF (MONITOR))",
      "type": "text"
    },
    {
      "datasource": "${MS_PROMPT}",
      "gridPos": {
        "h": 1,
        "w": 12,
        "x": 12,
        "y": 15
      },
      "id": 67,
      "options": {
        "code": {
          "language": "plaintext",
          "showLineNumbers": false,
          "showMiniMap": false
        },
        "content": "",
        "mode": "code"
      },
      "pluginVersion": "10.2.3",
      "targets": [
        {
          "dataset": "zoneswitch",
          "datasource": "${ms_prompt}",
          "editorMode": "builder",
          "format": "table",
          "rawSql": "",
          "refId": "A"
        }
      ],
      "title": "REVERSAL TRANSACTIONS WITHOUT ZSREVERSALTRANREF (MONITOR))",
      "type": "text"
    },
    {
      "datasource": {
        "type": "mssql",
        "uid": "${MS_PROMPT}"
      },
      "fieldConfig": {
        "defaults": {
          "color": {
            "mode": "continuous-GrYlRd"
          },
          "fieldMinMax": false,
          "mappings": [],
          "max": 30,
          "min": 1,
          "thresholds": {
            "mode": "absolute",
            "steps": [
              {
                "color": "green",
                "value": null
              },
              {
                "color": "red",
                "value": 80
              }
            ]
          },
          "unit": "none"
        },
        "overrides": [
          {
            "matcher": {
              "id": "byName",
              "options": "APPROVED_COUNT_WITH_zstrxref & SETTLED"
            },
            "properties": [
              {
                "id": "color",
                "value": {
                  "fixedColor": "green",
                  "mode": "fixed"
                }
              }
            ]
          },
          {
            "matcher": {
              "id": "byName",
              "options": "APPROVED_COUNT_WITH_NO_zstrxref_AND_NOT_SETTLED"
            },
            "properties": [
              {
                "id": "color",
                "value": {
                  "fixedColor": "dark-red",
                  "mode": "thresholds"
                }
              },
              {
                "id": "thresholds",
                "value": {
                  "mode": "absolute",
                  "steps": [
                    {
                      "color": "green",
                      "value": null
                    },
                    {
                      "color": "red",
                      "value": 1
                    }
                  ]
                }
              }
            ]
          },
          {
            "matcher": {
              "id": "byName",
              "options": "APPROVED_COUNT_WITH_NO_zstrxref_BUT_SETTLED"
            },
            "properties": [
              {
                "id": "color",
                "value": {
                  "fixedColor": "orange",
                  "mode": "fixed"
                }
              }
            ]
          },
          {
            "matcher": {
              "id": "byName",
              "options": "APPROVED_COUNT_WITH_zstrxref_BUT_NOT_SETTLED"
            },
            "properties": [
              {
                "id": "color",
                "value": {
                  "fixedColor": "red",
                  "mode": "fixed"
                }
              }
            ]
          }
        ]
      },
      "gridPos": {
        "h": 9,
        "w": 12,
        "x": 0,
        "y": 16
      },
      "id": 65,
      "options": {
        "displayMode": "lcd",
        "maxVizHeight": 73,
        "minVizHeight": 63,
        "minVizWidth": 75,
        "namePlacement": "top",
        "orientation": "horizontal",
        "reduceOptions": {
          "calcs": [
            "sum"
          ],
          "fields": "",
          "values": false
        },
        "showUnfilled": true,
        "sizing": "manual",
        "text": {
          "titleSize": 24
        },
        "valueMode": "color"
      },
      "pluginVersion": "10.2.3",
      "targets": [
        {
          "dataset": "zoneswitch",
          "datasource": {
            "type": "mssql",
            "uid": "${MS_PROMPT}"
          },
          "editorMode": "code",
          "format": "table",
          "rawQuery": true,
          "rawSql": "SELECT count(B.trxref) as 'APPROVED_COUNT_WITH_zstrxref & SETTLED'\r\nFROM cardtransactions (nolock) B\r\nJOIN (\r\n    SELECT transactionreference\r\n    FROM offchainrecordsview (nolock)\r\n    GROUP BY transactionreference\r\n    HAVING COUNT(*) = 1\r\n) AS offchainrecordsview_single_leg ON B.trxref = offchainrecordsview_single_leg.transactionreference\r\nwhere B.status = 'APPROVED' and B.zstrxref is not null\r\nand B.transactiontype in ('01','50')\r\n   and B.createdat >= $__timeFrom()\r\n   AND B.createdat <= $__timeTo()",
          "refId": "A",
          "sql": {
            "columns": [
              {
                "parameters": [],
                "type": "function"
              }
            ],
            "groupBy": [
              {
                "property": {
                  "type": "string"
                },
                "type": "groupBy"
              }
            ],
            "limit": 50
          }
        },
        {
          "dataset": "zoneswitch",
          "datasource": {
            "type": "mssql",
            "uid": "${MS_PROMPT}"
          },
          "editorMode": "code",
          "format": "table",
          "hide": false,
          "rawQuery": true,
          "rawSql": "SELECT count(trxref) as 'APPROVED_COUNT_WITH_NO_zstrxref_AND_NOT_SETTLED'\r\nFROM cardtransactions (nolock)\r\nwhere status = 'APPROVED' and zstrxref is null\r\n   and trxref not in (SELECT transactionreference\r\n    FROM offchainrecordsview (nolock))\r\n    and transactiontype in ('01','50')\r\n   and createdat >= $__timeFrom()\r\n   AND createdat <= $__timeTo()",
          "refId": "B",
          "sql": {
            "columns": [
              {
                "parameters": [],
                "type": "function"
              }
            ],
            "groupBy": [
              {
                "property": {
                  "type": "string"
                },
                "type": "groupBy"
              }
            ],
            "limit": 50
          }
        },
        {
          "dataset": "zoneswitch",
          "datasource": {
            "type": "mssql",
            "uid": "${MS_PROMPT}"
          },
          "editorMode": "code",
          "format": "table",
          "hide": false,
          "rawQuery": true,
          "rawSql": "SELECT count(B.trxref) as 'APPROVED_COUNT_WITH_NO_zstrxref_BUT_SETTLED'\r\nFROM cardtransactions (nolock) B\r\nJOIN (\r\n    SELECT transactionreference\r\n    FROM offchainrecordsview (nolock)\r\n    GROUP BY transactionreference\r\n    HAVING COUNT(*) = 1\r\n) AS offchainrecordsview_single_leg ON B.trxref = offchainrecordsview_single_leg.transactionreference\r\nwhere B.status = 'APPROVED' and B.zstrxref is null\r\nand B.transactiontype in ('01','50')\r\n   and B.createdat >= $__timeFrom()\r\n   AND B.createdat <= $__timeTo()",
          "refId": "C",
          "sql": {
            "columns": [
              {
                "parameters": [],
                "type": "function"
              }
            ],
            "groupBy": [
              {
                "property": {
                  "type": "string"
                },
                "type": "groupBy"
              }
            ],
            "limit": 50
          }
        },
        {
          "dataset": "zoneswitch",
          "datasource": {
            "type": "mssql",
            "uid": "${MS_PROMPT}"
          },
          "editorMode": "code",
          "format": "table",
          "hide": false,
          "rawQuery": true,
          "rawSql": "SELECT count(trxref) as 'APPROVED_COUNT_WITH_zstrxref_BUT_NOT_SETTLED'\r\nFROM cardtransactions (nolock)\r\nwhere status = 'APPROVED' and zstrxref is not null\r\n   and trxref not in (SELECT transactionreference\r\n    FROM offchainrecordsview (nolock))\r\n    and transactiontype in ('01','50')\r\n   and createdat >= $__timeFrom()\r\n   AND createdat <= $__timeTo()",
          "refId": "D",
          "sql": {
            "columns": [
              {
                "parameters": [],
                "type": "function"
              }
            ],
            "groupBy": [
              {
                "property": {
                  "type": "string"
                },
                "type": "groupBy"
              }
            ],
            "limit": 50
          }
        }
      ],
      "title": "INSTITUTION",
      "type": "bargauge"
    },
    {
      "datasource": {
        "type": "mssql",
        "uid": "${MS_PROMPT}"
      },
      "fieldConfig": {
        "defaults": {
          "color": {
            "mode": "continuous-GrYlRd"
          },
          "fieldMinMax": false,
          "mappings": [],
          "max": 30,
          "min": 1,
          "thresholds": {
            "mode": "absolute",
            "steps": [
              {
                "color": "green",
                "value": null
              },
              {
                "color": "red",
                "value": 80
              }
            ]
          },
          "unit": "none"
        },
        "overrides": [
          {
            "matcher": {
              "id": "byName",
              "options": "RVSAL_COUNT_WITH_zsreversalref & SETTLED"
            },
            "properties": [
              {
                "id": "color",
                "value": {
                  "fixedColor": "green",
                  "mode": "fixed"
                }
              }
            ]
          },
          {
            "matcher": {
              "id": "byName",
              "options": "RVSAL_COUNT_WITH_NO_zsreversalref"
            },
            "properties": [
              {
                "id": "color",
                "value": {
                  "fixedColor": "dark-red",
                  "mode": "thresholds"
                }
              },
              {
                "id": "thresholds",
                "value": {
                  "mode": "absolute",
                  "steps": [
                    {
                      "color": "green",
                      "value": null
                    },
                    {
                      "color": "red",
                      "value": 1
                    }
                  ]
                }
              }
            ]
          },
          {
            "matcher": {
              "id": "byName",
              "options": "RVSAL_COUNT_WITH_NO_zsreversalref_BUT_SETTLED"
            },
            "properties": [
              {
                "id": "color",
                "value": {
                  "fixedColor": "orange",
                  "mode": "fixed"
                }
              }
            ]
          }
        ]
      },
      "gridPos": {
        "h": 9,
        "w": 12,
        "x": 12,
        "y": 16
      },
      "id": 68,
      "options": {
        "displayMode": "lcd",
        "maxVizHeight": 300,
        "minVizHeight": 75,
        "minVizWidth": 75,
        "namePlacement": "top",
        "orientation": "horizontal",
        "reduceOptions": {
          "calcs": [
            "sum"
          ],
          "fields": "",
          "values": false
        },
        "showUnfilled": true,
        "sizing": "auto",
        "valueMode": "color"
      },
      "pluginVersion": "10.2.3",
      "targets": [
        {
          "dataset": "zoneswitch",
          "datasource": {
            "type": "mssql",
            "uid": "${MS_PROMPT}"
          },
          "editorMode": "code",
          "format": "table",
          "rawQuery": true,
          "rawSql": "SELECT count(B.trxref) as 'RVSAL_COUNT_WITH_zsreversalref & SETTLED'\r\nFROM cardtransactions (nolock) B\r\nJOIN (\r\n    SELECT transactionreference\r\n    FROM offchainrecordsview (nolock)\r\n    GROUP BY transactionreference\r\n    HAVING COUNT(*) > 1\r\n) AS offchainrecordsview_single_leg ON B.trxref = offchainrecordsview_single_leg.transactionreference\r\nwhere B.status = 'REVERSED' and B.zsreversaltrxref is not null\r\n   and B.createdat >= $__timeFrom()\r\n   AND B.createdat <= $__timeTo()",
          "refId": "A",
          "sql": {
            "columns": [
              {
                "parameters": [],
                "type": "function"
              }
            ],
            "groupBy": [
              {
                "property": {
                  "type": "string"
                },
                "type": "groupBy"
              }
            ],
            "limit": 50
          }
        },
        {
          "dataset": "zoneswitch",
          "datasource": {
            "type": "mssql",
            "uid": "${MS_PROMPT}"
          },
          "editorMode": "code",
          "format": "table",
          "hide": false,
          "rawQuery": true,
          "rawSql": "SELECT count(B.trxref) as 'RVSAL_COUNT_WITH_NO_zsreversalref'\r\nFROM cardtransactions (nolock) B\r\nJOIN (\r\n    SELECT transactionreference\r\n    FROM offchainrecordsview (nolock)\r\n    GROUP BY transactionreference\r\n    HAVING COUNT(*) = 1\r\n) AS offchainrecordsview_single_leg ON B.trxref = offchainrecordsview_single_leg.transactionreference\r\nwhere B.status = 'REVERSED' and B.zsreversaltrxref is null\r\n   and B.createdat >= $__timeFrom()\r\n   AND B.createdat <= $__timeTo()",
          "refId": "B",
          "sql": {
            "columns": [
              {
                "parameters": [],
                "type": "function"
              }
            ],
            "groupBy": [
              {
                "property": {
                  "type": "string"
                },
                "type": "groupBy"
              }
            ],
            "limit": 50
          }
        },
        {
          "dataset": "zoneswitch",
          "datasource": {
            "type": "mssql",
            "uid": "${MS_PROMPT}"
          },
          "editorMode": "code",
          "format": "table",
          "hide": false,
          "rawQuery": true,
          "rawSql": "SELECT count(B.trxref) as 'RVSAL_COUNT_WITH_NO_zsreversalref_BUT_SETTLED'\r\nFROM cardtransactions (nolock) B\r\nJOIN (\r\n    SELECT transactionreference\r\n    FROM offchainrecordsview (nolock)\r\n    GROUP BY transactionreference\r\n    HAVING COUNT(*) > 1\r\n) AS offchainrecordsview_single_leg ON B.trxref = offchainrecordsview_single_leg.transactionreference\r\nwhere B.status = 'REVERSED' and B.zsreversaltrxref is null\r\n   and B.createdat >= $__timeFrom()\r\n   AND B.createdat <= $__timeTo()",
          "refId": "C",
          "sql": {
            "columns": [
              {
                "parameters": [],
                "type": "function"
              }
            ],
            "groupBy": [
              {
                "property": {
                  "type": "string"
                },
                "type": "groupBy"
              }
            ],
            "limit": 50
          }
        }
      ],
      "title": "INSTITUTION",
      "type": "bargauge"
    },
    {
      "datasource": {
        "type": "mssql",
        "uid": "${MS_PROMPT}"
      },
      "fieldConfig": {
        "defaults": {
          "color": {
            "fixedColor": "green",
            "mode": "shades"
          },
          "mappings": [],
          "thresholds": {
            "mode": "percentage",
            "steps": [
              {
                "color": "green",
                "value": null
              }
            ]
          }
        },
        "overrides": []
      },
      "gridPos": {
        "h": 9,
        "w": 12,
        "x": 0,
        "y": 25
      },
      "id": 161,
      "options": {
        "minVizHeight": 200,
        "minVizWidth": 200,
        "orientation": "auto",
        "reduceOptions": {
          "calcs": [
            "lastNotNull"
          ],
          "fields": "",
          "values": true
        },
        "showThresholdLabels": false,
        "showThresholdMarkers": true,
        "sizing": "auto"
      },
      "pluginVersion": "10.2.3",
      "targets": [
        {
          "datasource": {
            "type": "mssql",
            "uid": "${MS_PROMPT}"
          },
          "editorMode": "code",
          "format": "table",
          "rawQuery": true,
          "rawSql": " select  \r\n count(*),c.bankname + '_' + a.ResponseCode + '_' + 'Response' as '00_RESPONSE'\r\n FROM\r\n CardTransactions a(nolock), bank b, bank c\r\n    where a.acquirer = b.bankcode\r\n   and a.issuer = c.bankcode\r\n   and a.ResponseCode in ('00')\r\n   and createdat >= $__timeFrom()\r\n   AND createdat <= $__timeTo()\r\n    group by c.bankname + '_' + a.ResponseCode + '_' + 'Response'",
          "refId": "A",
          "sql": {
            "columns": [
              {
                "parameters": [],
                "type": "function"
              }
            ],
            "groupBy": [
              {
                "property": {
                  "type": "string"
                },
                "type": "groupBy"
              }
            ],
            "limit": 50
          }
        }
      ],
      "title": "COUNT OF ISSUER RESPONSE CODE (00)",
      "type": "gauge"
    },
    {
      "datasource": {
        "type": "mssql",
        "uid": "${MS_PROMPT}"
      },
      "fieldConfig": {
        "defaults": {
          "color": {
            "mode": "continuous-RdYlGr"
          },
          "custom": {
            "axisBorderShow": true,
            "axisCenteredZero": false,
            "axisColorMode": "series",
            "axisLabel": "",
            "axisPlacement": "left",
            "fillOpacity": 80,
            "gradientMode": "none",
            "hideFrom": {
              "legend": false,
              "tooltip": false,
              "viz": false
            },
            "lineWidth": 1,
            "scaleDistribution": {
              "type": "linear"
            },
            "thresholdsStyle": {
              "mode": "off"
            }
          },
          "fieldMinMax": false,
          "mappings": [],
          "thresholds": {
            "mode": "absolute",
            "steps": [
              {
                "color": "green",
                "value": null
              },
              {
                "color": "red",
                "value": 80
              }
            ]
          },
          "unit": "none"
        },
        "overrides": [
          {
            "matcher": {
              "id": "byName",
              "options": "SUCCESSFUL_00"
            },
            "properties": [
              {
                "id": "color",
                "value": {
                  "fixedColor": "#3715d9",
                  "mode": "fixed"
                }
              }
            ]
          },
          {
            "matcher": {
              "id": "byName",
              "options": "FAILED_96"
            },
            "properties": [
              {
                "id": "color",
                "value": {
                  "fixedColor": "super-light-yellow",
                  "mode": "shades"
                }
              }
            ]
          },
          {
            "matcher": {
              "id": "byName",
              "options": "FAILED_91"
            },
            "properties": [
              {
                "id": "color",
                "value": {
                  "fixedColor": "red",
                  "mode": "fixed"
                }
              }
            ]
          },
          {
            "matcher": {
              "id": "byName",
              "options": "FAILED_68"
            },
            "properties": [
              {
                "id": "color",
                "value": {
                  "fixedColor": "orange",
                  "mode": "fixed"
                }
              }
            ]
          }
        ]
      },
      "gridPos": {
        "h": 17,
        "w": 12,
        "x": 12,
        "y": 25
      },
      "id": 71,
      "options": {
        "barRadius": 0.2,
        "barWidth": 1,
        "fullHighlight": true,
        "groupWidth": 0.72,
        "legend": {
          "calcs": [
            "sum"
          ],
          "displayMode": "table",
          "placement": "right",
          "showLegend": true
        },
        "orientation": "horizontal",
        "showValue": "always",
        "stacking": "none",
        "tooltip": {
          "mode": "single",
          "sort": "none"
        },
        "xField": "BIN",
        "xTickLabelRotation": 0,
        "xTickLabelSpacing": 0
      },
      "pluginVersion": "10.2.3",
      "targets": [
        {
          "dataset": "ZoneAdminPortal",
          "datasource": {
            "type": "mssql",
            "uid": "${MS_PROMPT}"
          },
          "editorMode": "code",
          "format": "table",
          "rawQuery": true,
          "rawSql": "   select b.bankname as 'ACQUIRER',c.bankname as 'ISSUER', \tc.bankname + '-'+LEFT(a.CARDNO, 6) AS BIN,   \r\n    sum(CASE WHEN a.responsecode = '00' THEN 1 ELSE 0 END) AS 'SUCCESSFUL_00',\r\n\tsum(CASE WHEN a.responsecode = '91' THEN 1 ELSE 0 END) AS 'FAILED_91',\r\n    sum(CASE WHEN a.responsecode = '96' THEN 1 ELSE 0 END) AS 'FAILED_96',\r\n    sum(CASE WHEN a.responsecode = '68' THEN 1 ELSE 0 END) AS 'FAILED_68'\r\n\tfrom CardTransactions a(nolock), bank b, bank c\r\n    where a.acquirer = b.bankcode\r\n   and a.issuer = c.bankcode\r\n  and createdat >= $__timeFrom()\r\n   AND createdat <= $__timeTo()\r\n  group by b.bankname,c.bankname, c.bankname + '-'+LEFT(a.CARDNO, 6)\r\n  order by 3 asc",
          "refId": "A",
          "sql": {
            "columns": [
              {
                "parameters": [],
                "type": "function"
              }
            ],
            "groupBy": [
              {
                "property": {
                  "type": "string"
                },
                "type": "groupBy"
              }
            ],
            "limit": 50
          }
        }
      ],
      "title": "STATUS BREAKDOWN PER CARD BIN",
      "type": "barchart"
    },
    {
      "datasource": {
        "type": "mssql",
        "uid": "${MS_PROMPT}"
      },
      "fieldConfig": {
        "defaults": {
          "color": {
            "fixedColor": "red",
            "mode": "shades"
          },
          "fieldMinMax": false,
          "mappings": [],
          "thresholds": {
            "mode": "percentage",
            "steps": [
              {
                "color": "green",
                "value": null
              }
            ]
          }
        },
        "overrides": []
      },
      "gridPos": {
        "h": 8,
        "w": 12,
        "x": 0,
        "y": 34
      },
      "id": 162,
      "options": {
        "minVizHeight": 200,
        "minVizWidth": 200,
        "orientation": "auto",
        "reduceOptions": {
          "calcs": [
            "lastNotNull"
          ],
          "fields": "",
          "values": true
        },
        "showThresholdLabels": false,
        "showThresholdMarkers": true,
        "sizing": "auto"
      },
      "pluginVersion": "10.2.3",
      "targets": [
        {
          "dataset": "ZoneAdminPortal",
          "datasource": {
            "type": "mssql",
            "uid": "${MS_PROMPT}"
          },
          "editorMode": "code",
          "format": "table",
          "rawQuery": true,
          "rawSql": " select  \r\n count(*),c.bankname + '_' + a.ResponseCode + '_' + 'Response' as '91_RESPONSE'\r\n FROM\r\n CardTransactions a(nolock), bank b, bank c\r\n    where a.acquirer = b.bankcode\r\n   and a.issuer = c.bankcode\r\n   and a.ResponseCode in ('91', '96')\r\n   and createdat >= $__timeFrom()\r\n   AND createdat <= $__timeTo()\r\n    group by c.bankname + '_' + a.ResponseCode + '_' + 'Response'",
          "refId": "A",
          "sql": {
            "columns": [
              {
                "parameters": [],
                "type": "function"
              }
            ],
            "groupBy": [
              {
                "property": {
                  "type": "string"
                },
                "type": "groupBy"
              }
            ],
            "limit": 50
          }
        }
      ],
      "title": "COUNT OF ISSUER RESPONSE CODE (91 & 96)",
      "type": "gauge"
    },
    {
      "datasource": {
        "type": "mssql",
        "uid": "${MS_PROMPT}"
      },
      "fieldConfig": {
        "defaults": {
          "color": {
            "mode": "palette-classic"
          },
          "custom": {
            "axisBorderShow": true,
            "axisCenteredZero": false,
            "axisColorMode": "text",
            "axisLabel": "",
            "axisPlacement": "auto",
            "axisSoftMin": 0,
            "barAlignment": 0,
            "drawStyle": "line",
            "fillOpacity": 0,
            "gradientMode": "none",
            "hideFrom": {
              "legend": false,
              "tooltip": false,
              "viz": false
            },
            "insertNulls": false,
            "lineInterpolation": "smooth",
            "lineStyle": {
              "fill": "solid"
            },
            "lineWidth": 2,
            "pointSize": 7,
            "scaleDistribution": {
              "type": "linear"
            },
            "showPoints": "always",
            "spanNulls": true,
            "stacking": {
              "group": "A",
              "mode": "none"
            },
            "thresholdsStyle": {
              "mode": "off"
            }
          },
          "mappings": [],
          "thresholds": {
            "mode": "absolute",
            "steps": [
              {
                "color": "green",
                "value": null
              },
              {
                "color": "red",
                "value": 80
              }
            ]
          }
        },
        "overrides": []
      },
      "gridPos": {
        "h": 11,
        "w": 24,
        "x": 0,
        "y": 42
      },
      "id": 72,
      "options": {
        "legend": {
          "calcs": [
            "sum",
            "max",
            "min",
            "mean"
          ],
          "displayMode": "table",
          "placement": "bottom",
          "showLegend": true
        },
        "timezone": [
          "Africa/Lagos"
        ],
        "tooltip": {
          "mode": "multi",
          "sort": "none"
        }
      },
      "targets": [
        {
          "dataset": "zoneswitch",
          "datasource": {
            "type": "mssql",
            "uid": "${MS_PROMPT}"
          },
          "editorMode": "code",
          "format": "table",
          "rawQuery": true,
          "rawSql": "SELECT \r\n     DATEADD(minute, (DATEDIFF(minute, 0, createdat) / 30) * 30, 0) AS time_bucket,\r\n  count(*)\r\nFROM \r\n    CardTransactions a (NOLOCK)\r\n    JOIN bank b ON a.acquirer = b.bankcode\r\n    JOIN bank c ON a.issuer = c.bankcode\r\nWHERE \r\n    a.responsecode = '00'\r\n   and createdat >= $__timeFrom()\r\n   AND createdat <= $__timeTo()\r\nGROUP BY \r\n     DATEADD(minute, (DATEDIFF(minute, 0, createdat) / 30) * 30, 0)\r\nORDER BY \r\n    time_bucket;\r\n",
          "refId": "A",
          "sql": {
            "columns": [
              {
                "parameters": [],
                "type": "function"
              }
            ],
            "groupBy": [
              {
                "property": {
                  "type": "string"
                },
                "type": "groupBy"
              }
            ],
            "limit": 50
          }
        }
      ],
      "title": "SUCCESSFUL TRANSACTION PROCESSING TREND ",
      "transparent": true,
      "type": "timeseries"
    },
    {
      "datasource": {
        "type": "mssql",
        "uid": "${MS_PROMPT}"
      },
      "fieldConfig": {
        "defaults": {
          "color": {
            "mode": "thresholds",
            "seriesBy": "last"
          },
          "custom": {
            "axisBorderShow": true,
            "axisCenteredZero": false,
            "axisColorMode": "text",
            "axisLabel": "",
            "axisPlacement": "auto",
            "axisSoftMin": 0,
            "barAlignment": 0,
            "drawStyle": "line",
            "fillOpacity": 0,
            "gradientMode": "none",
            "hideFrom": {
              "legend": false,
              "tooltip": false,
              "viz": false
            },
            "insertNulls": false,
            "lineInterpolation": "smooth",
            "lineStyle": {
              "fill": "solid"
            },
            "lineWidth": 2,
            "pointSize": 7,
            "scaleDistribution": {
              "type": "linear"
            },
            "showPoints": "always",
            "spanNulls": false,
            "stacking": {
              "group": "A",
              "mode": "none"
            },
            "thresholdsStyle": {
              "mode": "off"
            }
          },
          "fieldMinMax": false,
          "mappings": [],
          "thresholds": {
            "mode": "absolute",
            "steps": [
              {
                "color": "green",
                "value": null
              },
              {
                "color": "red",
                "value": 80
              }
            ]
          }
        },
        "overrides": [
          {
            "matcher": {
              "id": "byName",
              "options": "count"
            },
            "properties": [
              {
                "id": "displayName",
                "value": "RESPONSE 91"
              },
              {
                "id": "color",
                "value": {
                  "fixedColor": "dark-red",
                  "mode": "fixed"
                }
              }
            ]
          },
          {
            "matcher": {
              "id": "byName",
              "options": "Value"
            },
            "properties": [
              {
                "id": "displayName",
                "value": "RESPONSE 96"
              },
              {
                "id": "color",
                "value": {
                  "fixedColor": "semi-dark-orange",
                  "mode": "fixed"
                }
              }
            ]
          }
        ]
      },
      "gridPos": {
        "h": 11,
        "w": 24,
        "x": 0,
        "y": 53
      },
      "id": 73,
      "options": {
        "legend": {
          "calcs": [
            "sum",
            "max",
            "min",
            "mean"
          ],
          "displayMode": "table",
          "placement": "bottom",
          "showLegend": true
        },
        "timezone": [
          "Africa/Lagos"
        ],
        "tooltip": {
          "mode": "multi",
          "sort": "none"
        }
      },
      "targets": [
        {
          "dataset": "zoneswitch",
          "datasource": {
            "type": "mssql",
            "uid": "${MS_PROMPT}"
          },
          "editorMode": "code",
          "format": "table",
          "rawQuery": true,
          "rawSql": "SELECT \r\n    DATEADD(minute, (DATEDIFF(minute, 0, createdat) / 30) * 30, 0) AS time_bucket,\r\n  count(*) as 'count'\r\nFROM \r\n    CardTransactions a (NOLOCK)\r\n    JOIN bank b ON a.acquirer = b.bankcode\r\n    JOIN bank c ON a.issuer = c.bankcode\r\nWHERE \r\n    a.responsecode = '91'\r\n   and createdat >= $__timeFrom()\r\n   AND createdat <= $__timeTo()\r\nGROUP BY \r\n    DATEADD(minute, (DATEDIFF(minute, 0, createdat) / 30) * 30, 0)\r\nORDER BY \r\n    time_bucket;",
          "refId": "A",
          "sql": {
            "columns": [
              {
                "parameters": [],
                "type": "function"
              }
            ],
            "groupBy": [
              {
                "property": {
                  "type": "string"
                },
                "type": "groupBy"
              }
            ],
            "limit": 50
          }
        },
        {
          "dataset": "zoneswitch",
          "datasource": {
            "type": "mssql",
            "uid": "${MS_PROMPT}"
          },
          "editorMode": "code",
          "format": "table",
          "hide": false,
          "rawQuery": true,
          "rawSql": "",
          "refId": "B",
          "sql": {
            "columns": [
              {
                "parameters": [],
                "type": "function"
              }
            ],
            "groupBy": [
              {
                "property": {
                  "type": "string"
                },
                "type": "groupBy"
              }
            ],
            "limit": 50
          }
        }
      ],
      "title": "FAILED TRANSACTION PROCESSING TREND ",
      "transparent": true,
      "type": "timeseries"
    },
    {
      "datasource": {
        "type": "mssql",
        "uid": "${MS_PROMPT}"
      },
      "gridPos": {
        "h": 9,
        "w": 12,
        "x": 0,
        "y": 64
      },
      "id": 74,
      "options": {
        "dedupStrategy": "none",
        "enableLogDetails": true,
        "prettifyLogMessage": false,
        "showCommonLabels": false,
        "showLabels": false,
        "showTime": true,
        "sortOrder": "Descending",
        "wrapLogMessage": false
      },
      "targets": [
        {
          "dataset": "zoneswitch",
          "datasource": {
            "type": "mssql",
            "uid": "${MS_PROMPT}"
          },
          "editorMode": "code",
          "format": "table",
          "rawQuery": true,
          "rawSql": "  select c.Bankname as 'ISSUER_BANK',LEFT(a.CARDNO, 6) as'BINS',max(a.createdat) as 'LAST_PROCESSED_TIME' \r\n  from CardTransactions a(nolock), bank b, bank c\r\n  where a.acquirer = b.bankcode\r\n   and a.issuer = c.bankcode\r\n group by LEFT(a.CARDNO, 6),c.Bankname\r\n order by 3 desc",
          "refId": "A",
          "sql": {
            "columns": [
              {
                "parameters": [],
                "type": "function"
              }
            ],
            "groupBy": [
              {
                "property": {
                  "type": "string"
                },
                "type": "groupBy"
              }
            ],
            "limit": 50
          }
        }
      ],
      "title": "BINS LAST PROCESSED TIME PER ISSUING BANK",
      "type": "logs"
    },
    {
      "datasource": {
        "type": "mssql",
        "uid": "${MS_PROMPT}"
      },
      "fieldConfig": {
        "defaults": {
          "color": {
            "mode": "palette-classic"
          },
          "custom": {
            "hideFrom": {
              "legend": false,
              "tooltip": false,
              "viz": false
            }
          },
          "fieldMinMax": false,
          "mappings": [
            {
              "options": {
                "51": {
                  "index": 1,
                  "text": "Insufficient fund_51"
                },
                "00": {
                  "index": 0,
                  "text": "Successful_00"
                }
              },
              "type": "value"
            }
          ],
          "min": 0,
          "unit": "short"
        },
        "overrides": [
          {
            "matcher": {
              "id": "byName",
              "options": "91"
            },
            "properties": [
              {
                "id": "color",
                "value": {
                  "fixedColor": "red",
                  "mode": "fixed"
                }
              }
            ]
          },
          {
            "matcher": {
              "id": "byName",
              "options": "Successful_00"
            },
            "properties": [
              {
                "id": "color",
                "value": {
                  "fixedColor": "green",
                  "mode": "fixed"
                }
              }
            ]
          },
          {
            "matcher": {
              "id": "byName",
              "options": "Insufficient fund_51"
            },
            "properties": [
              {
                "id": "color",
                "value": {
                  "fixedColor": "semi-dark-yellow",
                  "mode": "fixed"
                }
              }
            ]
          },
          {
            "__systemRef": "hideSeriesFrom",
            "matcher": {
              "id": "byNames",
              "options": {
                "mode": "exclude",
                "names": [
                  "count"
                ],
                "prefix": "All except:",
                "readOnly": true
              }
            },
            "properties": [
              {
                "id": "custom.hideFrom",
                "value": {
                  "legend": false,
                  "tooltip": false,
                  "viz": true
                }
              }
            ]
          }
        ]
      },
      "gridPos": {
        "h": 9,
        "w": 12,
        "x": 12,
        "y": 64
      },
      "id": 75,
      "options": {
        "displayLabels": [
          "percent",
          "name"
        ],
        "legend": {
          "calcs": [],
          "displayMode": "table",
          "placement": "right",
          "showLegend": true,
          "sortBy": "Value",
          "sortDesc": true,
          "values": [
            "value",
            "percent"
          ],
          "width": -4
        },
        "pieType": "pie",
        "reduceOptions": {
          "calcs": [
            "lastNotNull"
          ],
          "fields": "",
          "values": true
        },
        "tooltip": {
          "mode": "single",
          "sort": "none"
        }
      },
      "targets": [
        {
          "dataset": "zoneswitch",
          "datasource": {
            "type": "mssql",
            "uid": "${MS_PROMPT}"
          },
          "editorMode": "code",
          "format": "table",
          "rawQuery": true,
          "rawSql": "select count(*) as 'count',responsecode as 'ResponseCode' from cardtransactions (nolock)\r\nwhere createdat >= $__timeFrom()\r\n   AND createdat <= $__timeTo()\r\ngroup by responsecode",
          "refId": "A",
          "sql": {
            "columns": [
              {
                "parameters": [],
                "type": "function"
              }
            ],
            "groupBy": [
              {
                "property": {
                  "type": "string"
                },
                "type": "groupBy"
              }
            ],
            "limit": 50
          }
        }
      ],
      "title": "TRANSACTION_PROCESSING_RATE PER STATUS",
      "type": "piechart"
    },
    {
      "datasource": {
        "type": "mssql",
        "uid": "${MS_PROMPT}"
      },
      "fieldConfig": {
        "defaults": {
          "custom": {
            "align": "center",
            "cellOptions": {
              "mode": "gradient",
              "type": "color-background"
            },
            "filterable": false,
            "inspect": false
          },
          "mappings": [],
          "thresholds": {
            "mode": "absolute",
            "steps": [
              {
                "color": "green",
                "value": null
              },
              {
                "color": "red",
                "value": 80
              }
            ]
          }
        },
        "overrides": [
          {
            "matcher": {
              "id": "byName",
              "options": "ACQUIRER"
            },
            "properties": [
              {
                "id": "custom.width",
                "value": 87
              }
            ]
          },
          {
            "matcher": {
              "id": "byName",
              "options": "ISSUER"
            },
            "properties": [
              {
                "id": "custom.width",
                "value": 91
              }
            ]
          },
          {
            "matcher": {
              "id": "byName",
              "options": "counts"
            },
            "properties": [
              {
                "id": "custom.width",
                "value": 94
              }
            ]
          },
          {
            "matcher": {
              "id": "byName",
              "options": "hour"
            },
            "properties": [
              {
                "id": "custom.width",
                "value": 96
              }
            ]
          },
          {
            "matcher": {
              "id": "byName",
              "options": "responsecode"
            },
            "properties": [
              {
                "id": "custom.width",
                "value": 88
              }
            ]
          },
          {
            "matcher": {
              "id": "byName",
              "options": "earliest_date"
            },
            "properties": [
              {
                "id": "custom.width",
                "value": 184
              }
            ]
          },
          {
            "matcher": {
              "id": "byName",
              "options": "latest_date"
            },
            "properties": [
              {
                "id": "custom.width",
                "value": 186
              }
            ]
          },
          {
            "matcher": {
              "id": "byName",
              "options": "BIN"
            },
            "properties": [
              {
                "id": "custom.width",
                "value": 237
              }
            ]
          }
        ]
      },
      "gridPos": {
        "h": 16,
        "w": 24,
        "x": 0,
        "y": 73
      },
      "id": 76,
      "options": {
        "cellHeight": "sm",
        "footer": {
          "countRows": false,
          "fields": "",
          "reducer": [
            "sum"
          ],
          "show": false
        },
        "showHeader": true,
        "sortBy": []
      },
      "pluginVersion": "10.2.3",
      "targets": [
        {
          "dataset": "zoneswitch",
          "datasource": {
            "type": "mssql",
            "uid": "${MS_PROMPT}"
          },
          "editorMode": "code",
          "format": "table",
          "rawQuery": true,
          "rawSql": "SELECT \r\n    c.bankname AS 'ISSUER',\r\n    LEFT(a.CARDNO, 6) AS BIN,\r\n    COUNT(*) AS counts,\r\n    DATEPART(hour, DATEADD(hour, 1, createdat))  as 'hour',a.responsecode,min(DATEADD(HOUR, 0, createdat)) as 'earliestdate',\r\nmax(DATEADD(HOUR, 0, createdat)) as 'LastestDate'\r\n    \r\nFROM \r\n    CardTransactions a (NOLOCK)\r\n    JOIN bank b ON a.acquirer = b.bankcode\r\n    JOIN bank c ON a.issuer = c.bankcode\r\nWHERE \r\n    a.responsecode = '00'\r\n    AND CONVERT(date, a.createdat) >= '2024-07-09'\r\n    AND createdat >= DATEADD(hour, -3, GETDATE())\r\n    AND createdat < DATEADD(hour, 0, GETDATE())\r\nGROUP BY \r\n    c.bankname,DATEPART(hour, DATEADD(hour, 1, createdat)) ,a.responsecode,LEFT(CARDNO, 6)\r\nORDER BY \r\n    5 DESC;\r\n",
          "refId": "A",
          "sql": {
            "columns": [
              {
                "parameters": [],
                "type": "function"
              }
            ],
            "groupBy": [
              {
                "property": {
                  "type": "string"
                },
                "type": "groupBy"
              }
            ],
            "limit": 50
          }
        }
      ],
      "title": "SUCCESSFUL PER CARD BIN (HOURLY)",
      "transparent": true,
      "type": "table"
    },
    {
      "datasource": {
        "type": "mssql",
        "uid": "${MS_PROMPT}"
      },
      "fieldConfig": {
        "defaults": {
          "custom": {
            "align": "center",
            "cellOptions": {
              "mode": "gradient",
              "type": "color-background"
            },
            "filterable": false,
            "inspect": false,
            "minWidth": 0,
            "width": 0
          },
          "mappings": [],
          "thresholds": {
            "mode": "absolute",
            "steps": [
              {
                "color": "green",
                "value": null
              },
              {
                "color": "red",
                "value": 80
              }
            ]
          }
        },
        "overrides": [
          {
            "matcher": {
              "id": "byName",
              "options": "ACQUIRER"
            },
            "properties": [
              {
                "id": "custom.width",
                "value": 87
              }
            ]
          },
          {
            "matcher": {
              "id": "byName",
              "options": "ISSUER"
            },
            "properties": [
              {
                "id": "custom.width",
                "value": 91
              }
            ]
          },
          {
            "matcher": {
              "id": "byName",
              "options": "counts"
            },
            "properties": [
              {
                "id": "custom.width",
                "value": 94
              }
            ]
          },
          {
            "matcher": {
              "id": "byName",
              "options": "hour"
            },
            "properties": [
              {
                "id": "custom.width",
                "value": 96
              }
            ]
          },
          {
            "matcher": {
              "id": "byName",
              "options": "responsecode"
            },
            "properties": [
              {
                "id": "custom.width",
                "value": 88
              }
            ]
          },
          {
            "matcher": {
              "id": "byName",
              "options": "earliest_date"
            },
            "properties": [
              {
                "id": "custom.width",
                "value": 184
              }
            ]
          },
          {
            "matcher": {
              "id": "byName",
              "options": "latest_date"
            },
            "properties": [
              {
                "id": "custom.width",
                "value": 186
              }
            ]
          }
        ]
      },
      "gridPos": {
        "h": 12,
        "w": 24,
        "x": 0,
        "y": 89
      },
      "id": 54,
      "options": {
        "cellHeight": "sm",
        "footer": {
          "countRows": false,
          "fields": "",
          "reducer": [
            "sum"
          ],
          "show": false
        },
        "showHeader": true,
        "sortBy": []
      },
      "pluginVersion": "10.2.3",
      "targets": [
        {
          "dataset": "zoneswitch",
          "datasource": {
            "type": "mssql",
            "uid": "${MS_PROMPT}"
          },
          "editorMode": "code",
          "format": "table",
          "rawQuery": true,
          "rawSql": "SELECT \r\n    c.bankname AS 'ISSUER',LEFT(a.CARDNO, 6) AS BIN,\r\n    COUNT(*) AS counts,\r\n    DATEPART(hour, DATEADD(hour, 1, createdat))  as 'hour',a.responsecode,min(DATEADD(HOUR, 0, createdat)) as 'earliestdate',\r\nmax(DATEADD(HOUR, 0, createdat)) as 'LastestDate' \r\nFROM \r\n    CardTransactions a (NOLOCK)\r\n    JOIN bank b ON a.acquirer = b.bankcode\r\n    JOIN bank c ON a.issuer = c.bankcode\r\nWHERE \r\n    a.responsecode in ('91','96', '68')\r\n      AND createdat >= DATEADD(hour, -6, GETDATE())\r\n    AND createdat < DATEADD(hour, 0, GETDATE())\r\nGROUP BY \r\n    c.bankname,DATEPART(hour, DATEADD(hour, 1, createdat)) ,a.responsecode,LEFT(CARDNO, 6)\r\nORDER BY \r\n    5 DESC;\r\n",
          "refId": "A",
          "sql": {
            "columns": [
              {
                "parameters": [],
                "type": "function"
              }
            ],
            "groupBy": [
              {
                "property": {
                  "type": "string"
                },
                "type": "groupBy"
              }
            ],
            "limit": 50
          }
        }
      ],
      "title": "FAILED PER CARD BIN (HOURLY)",
      "transparent": true,
      "type": "table"
    },
    {
      "datasource": "${MS_PROMPT}",
      "gridPos": {
        "h": 1,
        "w": 24,
        "x": 0,
        "y": 101
      },
      "id": 87,
      "options": {
        "code": {
          "language": "plaintext",
          "showLineNumbers": false,
          "showMiniMap": false
        },
        "content": "",
        "mode": "code"
      },
      "pluginVersion": "10.2.3",
      "targets": [
        {
          "dataset": "zoneswitch",
          "datasource": "${ms_prompt}",
          "editorMode": "builder",
          "format": "table",
          "rawSql": "",
          "refId": "A"
        }
      ],
      "title": "LIQUIDATION STATUS",
      "type": "text"
    },
    {
      "datasource": {
        "type": "mssql",
        "uid": "${MS_PROMPT}"
      },
      "fieldConfig": {
        "defaults": {
          "mappings": [],
          "thresholds": {
            "mode": "percentage",
            "steps": [
              {
                "color": "green",
                "value": null
              },
              {
                "color": "orange",
                "value": 70
              },
              {
                "color": "red",
                "value": 85
              }
            ]
          }
        },
        "overrides": [
          {
            "matcher": {
              "id": "byName",
              "options": "SUCCESSFUL"
            },
            "properties": [
              {
                "id": "color",
                "value": {
                  "fixedColor": "green",
                  "mode": "fixed"
                }
              }
            ]
          }
        ]
      },
      "gridPos": {
        "h": 11,
        "w": 9,
        "x": 0,
        "y": 102
      },
      "id": 88,
      "options": {
        "minVizHeight": 200,
        "minVizWidth": 200,
        "orientation": "auto",
        "reduceOptions": {
          "calcs": [
            "lastNotNull"
          ],
          "fields": "",
          "values": true
        },
        "showThresholdLabels": false,
        "showThresholdMarkers": true,
        "sizing": "auto"
      },
      "pluginVersion": "10.2.3",
      "targets": [
        {
          "dataset": "zoneswitch",
          "datasource": {
            "type": "mssql",
            "uid": "${MS_PROMPT}"
          },
          "editorMode": "code",
          "format": "table",
          "rawQuery": true,
          "rawSql": "select \r\ncount(CASE WHEN status = 'SUCCESSFUL' THEN 1 END) as 'SUCCESSFUL',\r\ncount(CASE WHEN status = 'PENDING' THEN 1 END) as 'PENDING',\r\ncount(CASE WHEN status = 'FAILED' THEN 1 END) as 'FAILED',\r\ncount(CASE WHEN status = 'POSTED' THEN 1 END) as 'POSTED'\r\nfrom Liquidations (nolock)\r\n   where createdat >= $__timeFrom()\r\n   AND createdat <= $__timeTo()\r\n",
          "refId": "A",
          "sql": {
            "columns": [
              {
                "parameters": [],
                "type": "function"
              }
            ],
            "groupBy": [
              {
                "property": {
                  "type": "string"
                },
                "type": "groupBy"
              }
            ],
            "limit": 50
          }
        }
      ],
      "title": "LIQUIDATION STATUS",
      "type": "gauge"
    },
    {
      "datasource": {
        "type": "mssql",
        "uid": "${MS_PROMPT}"
      },
      "fieldConfig": {
        "defaults": {
          "color": {
            "fixedColor": "green",
            "mode": "fixed"
          },
          "mappings": [],
          "thresholds": {
            "mode": "percentage",
            "steps": [
              {
                "color": "green",
                "value": null
              },
              {
                "color": "orange",
                "value": 70
              },
              {
                "color": "red",
                "value": 85
              }
            ]
          }
        },
        "overrides": []
      },
      "gridPos": {
        "h": 10,
        "w": 5,
        "x": 9,
        "y": 102
      },
      "id": 89,
      "options": {
        "colorMode": "background",
        "graphMode": "area",
        "justifyMode": "auto",
        "orientation": "auto",
        "reduceOptions": {
          "calcs": [
            "lastNotNull"
          ],
          "fields": "/.*/",
          "values": true
        },
        "textMode": "auto",
        "wideLayout": true
      },
      "pluginVersion": "10.2.3",
      "targets": [
        {
          "dataset": "zoneswitch",
          "datasource": {
            "type": "mssql",
            "uid": "${MS_PROMPT}"
          },
          "editorMode": "code",
          "format": "table",
          "rawQuery": true,
          "rawSql": "select top 1 createdat\r\nfrom Liquidations (nolock)\r\norder by id desc\r\n",
          "refId": "A",
          "sql": {
            "columns": [
              {
                "parameters": [],
                "type": "function"
              }
            ],
            "groupBy": [
              {
                "property": {
                  "type": "string"
                },
                "type": "groupBy"
              }
            ],
            "limit": 50
          }
        }
      ],
      "title": "LAST LIQUIDATION ATTEMPT DATE",
      "type": "stat"
    },
    {
      "datasource": {
        "type": "mssql",
        "uid": "${MS_PROMPT}"
      },
      "fieldConfig": {
        "defaults": {
          "color": {
            "fixedColor": "green",
            "mode": "fixed"
          },
          "mappings": [],
          "thresholds": {
            "mode": "percentage",
            "steps": [
              {
                "color": "green",
                "value": null
              },
              {
                "color": "orange",
                "value": 70
              },
              {
                "color": "red",
                "value": 85
              }
            ]
          }
        },
        "overrides": []
      },
      "gridPos": {
        "h": 5,
        "w": 10,
        "x": 14,
        "y": 102
      },
      "id": 90,
      "options": {
        "colorMode": "background",
        "graphMode": "area",
        "justifyMode": "auto",
        "orientation": "auto",
        "reduceOptions": {
          "calcs": [
            "lastNotNull"
          ],
          "fields": "/.*/",
          "values": true
        },
        "textMode": "auto",
        "wideLayout": true
      },
      "pluginVersion": "10.2.3",
      "targets": [
        {
          "dataset": "zoneswitch",
          "datasource": {
            "type": "mssql",
            "uid": "${MS_PROMPT}"
          },
          "editorMode": "code",
          "format": "table",
          "rawQuery": true,
          "rawSql": "select top 1 createdat\r\nfrom Liquidations\r\nwhere status = 'SUCCESSFUL'\r\norder by id desc\r\n",
          "refId": "A",
          "sql": {
            "columns": [
              {
                "parameters": [],
                "type": "function"
              }
            ],
            "groupBy": [
              {
                "property": {
                  "type": "string"
                },
                "type": "groupBy"
              }
            ],
            "limit": 50
          }
        }
      ],
      "title": "LAST SUCCESSFUL LIQUIDATION ATTEMPT DATE",
      "type": "stat"
    },
    {
      "datasource": {
        "type": "mssql",
        "uid": "${MS_PROMPT}"
      },
      "fieldConfig": {
        "defaults": {
          "color": {
            "fixedColor": "red",
            "mode": "fixed"
          },
          "mappings": [],
          "thresholds": {
            "mode": "percentage",
            "steps": [
              {
                "color": "green",
                "value": null
              },
              {
                "color": "orange",
                "value": 70
              },
              {
                "color": "red",
                "value": 85
              }
            ]
          }
        },
        "overrides": []
      },
      "gridPos": {
        "h": 4,
        "w": 10,
        "x": 14,
        "y": 107
      },
      "id": 97,
      "options": {
        "colorMode": "background",
        "graphMode": "area",
        "justifyMode": "auto",
        "orientation": "auto",
        "reduceOptions": {
          "calcs": [
            "lastNotNull"
          ],
          "fields": "/.*/",
          "values": true
        },
        "textMode": "auto",
        "wideLayout": true
      },
      "pluginVersion": "10.2.3",
      "targets": [
        {
          "dataset": "zoneswitch",
          "datasource": {
            "type": "mssql",
            "uid": "${MS_PROMPT}"
          },
          "editorMode": "code",
          "format": "table",
          "rawQuery": true,
          "rawSql": "select top 1 createdat\r\nfrom Liquidations\r\nwhere status = 'FAILED'\r\norder by id desc\r\n",
          "refId": "A",
          "sql": {
            "columns": [
              {
                "parameters": [],
                "type": "function"
              }
            ],
            "groupBy": [
              {
                "property": {
                  "type": "string"
                },
                "type": "groupBy"
              }
            ],
            "limit": 50
          }
        }
      ],
      "title": "LAST FAILED_STATUS LIQUIDATION ATTEMPT DATE",
      "type": "stat"
    },
    {
      "datasource": {
        "type": "mssql",
        "uid": "${MS_PROMPT}"
      },
      "fieldConfig": {
        "defaults": {
          "color": {
            "fixedColor": "red",
            "mode": "fixed"
          },
          "mappings": [],
          "thresholds": {
            "mode": "percentage",
            "steps": [
              {
                "color": "green",
                "value": null
              },
              {
                "color": "orange",
                "value": 70
              },
              {
                "color": "red",
                "value": 85
              }
            ]
          }
        },
        "overrides": []
      },
      "gridPos": {
        "h": 4,
        "w": 10,
        "x": 14,
        "y": 111
      },
      "id": 98,
      "options": {
        "colorMode": "value",
        "graphMode": "area",
        "justifyMode": "auto",
        "orientation": "auto",
        "reduceOptions": {
          "calcs": [
            "lastNotNull"
          ],
          "fields": "/.*/",
          "values": true
        },
        "textMode": "auto",
        "wideLayout": true
      },
      "pluginVersion": "10.2.3",
      "targets": [
        {
          "dataset": "zoneswitch",
          "datasource": {
            "type": "mssql",
            "uid": "${MS_PROMPT}"
          },
          "editorMode": "code",
          "format": "table",
          "rawQuery": true,
          "rawSql": "select top 1 createdat\r\nfrom Liquidations\r\nwhere status = 'POSTED'\r\norder by id desc\r\n",
          "refId": "A",
          "sql": {
            "columns": [
              {
                "parameters": [],
                "type": "function"
              }
            ],
            "groupBy": [
              {
                "property": {
                  "type": "string"
                },
                "type": "groupBy"
              }
            ],
            "limit": 50
          }
        }
      ],
      "title": "LAST POSTED_STATUS LIQUIDATION ATTEMPT (DATE)",
      "type": "stat"
    },
    {
      "datasource": {
        "type": "mssql",
        "uid": "${MS_PROMPT}"
      },
      "fieldConfig": {
        "defaults": {
          "color": {
            "fixedColor": "green",
            "mode": "shades"
          },
          "mappings": [],
          "thresholds": {
            "mode": "percentage",
            "steps": [
              {
                "color": "green",
                "value": null
              },
              {
                "color": "orange",
                "value": 70
              },
              {
                "color": "red",
                "value": 85
              }
            ]
          },
          "unit": "naira"
        },
        "overrides": []
      },
      "gridPos": {
        "h": 8,
        "w": 5,
        "x": 9,
        "y": 112
      },
      "id": 95,
      "options": {
        "colorMode": "background",
        "graphMode": "area",
        "justifyMode": "auto",
        "orientation": "auto",
        "reduceOptions": {
          "calcs": [
            "lastNotNull"
          ],
          "fields": "/.*/",
          "values": true
        },
        "textMode": "auto",
        "wideLayout": true
      },
      "pluginVersion": "10.2.3",
      "targets": [
        {
          "dataset": "zoneswitch",
          "datasource": {
            "type": "mssql",
            "uid": "${MS_PROMPT}"
          },
          "editorMode": "code",
          "format": "table",
          "rawQuery": true,
          "rawSql": "SELECT TOP 1 N'₦' + FORMAT(amount / 100.0, 'N2')\r\nFROM Liquidations\r\nORDER BY id DESC;",
          "refId": "A",
          "sql": {
            "columns": [
              {
                "parameters": [],
                "type": "function"
              }
            ],
            "groupBy": [
              {
                "property": {
                  "type": "string"
                },
                "type": "groupBy"
              }
            ],
            "limit": 50
          }
        }
      ],
      "title": "LAST LIQUIDATION AMOUNT",
      "type": "stat"
    },
    {
      "datasource": {
        "type": "mssql",
        "uid": "${MS_PROMPT}"
      },
      "gridPos": {
        "h": 7,
        "w": 9,
        "x": 0,
        "y": 113
      },
      "id": 167,
      "options": {
        "dedupStrategy": "none",
        "enableLogDetails": true,
        "prettifyLogMessage": false,
        "showCommonLabels": false,
        "showLabels": false,
        "showTime": true,
        "sortOrder": "Descending",
        "wrapLogMessage": false
      },
      "targets": [
        {
          "dataset": "zoneswitch",
          "datasource": {
            "type": "mssql",
            "uid": "${MS_PROMPT}"
          },
          "editorMode": "code",
          "format": "table",
          "rawQuery": true,
          "rawSql": "  select TOP 10 N'₦' + FORMAT(amount / 100.0, 'N2'),createdat,status\r\n  from liquidations\r\n order by id desc",
          "refId": "A",
          "sql": {
            "columns": [
              {
                "parameters": [],
                "type": "function"
              }
            ],
            "groupBy": [
              {
                "property": {
                  "type": "string"
                },
                "type": "groupBy"
              }
            ],
            "limit": 50
          }
        }
      ],
      "title": "LAST 10 SUCCESSFUL LIQUIDATION",
      "type": "logs"
    },
    {
      "datasource": {
        "type": "mssql",
        "uid": "${MS_PROMPT}"
      },
      "fieldConfig": {
        "defaults": {
          "color": {
            "fixedColor": "red",
            "mode": "fixed"
          },
          "mappings": [],
          "thresholds": {
            "mode": "percentage",
            "steps": [
              {
                "color": "green",
                "value": null
              },
              {
                "color": "orange",
                "value": 70
              },
              {
                "color": "red",
                "value": 85
              }
            ]
          }
        },
        "overrides": []
      },
      "gridPos": {
        "h": 5,
        "w": 10,
        "x": 14,
        "y": 115
      },
      "id": 100,
      "options": {
        "colorMode": "value",
        "graphMode": "area",
        "justifyMode": "auto",
        "orientation": "auto",
        "reduceOptions": {
          "calcs": [
            "lastNotNull"
          ],
          "fields": "/.*/",
          "values": true
        },
        "textMode": "auto",
        "wideLayout": true
      },
      "pluginVersion": "10.2.3",
      "targets": [
        {
          "dataset": "zoneswitch",
          "datasource": {
            "type": "mssql",
            "uid": "${MS_PROMPT}"
          },
          "editorMode": "code",
          "format": "table",
          "rawQuery": true,
          "rawSql": "select top 1 createdat\r\nfrom Liquidations\r\nwhere status = 'PENDING'\r\norder by id desc\r\n",
          "refId": "A",
          "sql": {
            "columns": [
              {
                "parameters": [],
                "type": "function"
              }
            ],
            "groupBy": [
              {
                "property": {
                  "type": "string"
                },
                "type": "groupBy"
              }
            ],
            "limit": 50
          }
        }
      ],
      "title": "LAST PENDING_STATUS LIQUIDATION ATTEMPT (DATE)",
      "type": "stat"
    }
  ],
  "refresh": "1m",
  "schemaVersion": 39,
  "tags": [],
  "templating": {
    "list": [
      {
        "current": {
          "selected": true,
          "text": "",
          "value": ""
        },
        "hide": 0,
        "includeAll": false,
        "label": "Datasource",
        "multi": false,
        "name": "MS_PROMPT",
        "options": [],
        "query": "mssql",
        "queryValue": "",
        "refresh": 1,
        "regex": "",
        "skipUrlSync": false,
        "type": "datasource"
      }
    ]
  },
  "time": {
    "from": "now-15m",
    "to": "now"
  },
  "timepicker": {},
  "timezone": "",
  "title": "Transaction Monitoring",
  "uid": "",
  "version": 30,
  "weekStart": ""
}
